/*
SQLyog Ultimate v11.24 (32 bit)
MySQL - 5.7.17 : Database - ligu
*********************************************************************
*/

/*!40101 SET NAMES utf8 */;

/*!40101 SET SQL_MODE=''*/;

/*!40014 SET @OLD_UNIQUE_CHECKS=@@UNIQUE_CHECKS, UNIQUE_CHECKS=0 */;
/*!40014 SET @OLD_FOREIGN_KEY_CHECKS=@@FOREIGN_KEY_CHECKS, FOREIGN_KEY_CHECKS=0 */;
/*!40101 SET @OLD_SQL_MODE=@@SQL_MODE, SQL_MODE='NO_AUTO_VALUE_ON_ZERO' */;
/*!40111 SET @OLD_SQL_NOTES=@@SQL_NOTES, SQL_NOTES=0 */;
CREATE DATABASE /*!32312 IF NOT EXISTS*/`ligu` /*!40100 DEFAULT CHARACTER SET utf8 COLLATE utf8_unicode_ci */;

USE `ligu`;

/*Table structure for table `doc_question` */

DROP TABLE IF EXISTS `doc_question`;

CREATE TABLE `doc_question` (
  `id` int(10) NOT NULL AUTO_INCREMENT COMMENT '主键',
  `type` int(10) DEFAULT NULL COMMENT '题目类别：1单选题 2多选题 3其他',
  `name` varchar(50) DEFAULT NULL COMMENT '题目简称',
  `content` varchar(255) DEFAULT NULL COMMENT '题目内容',
  `level` int(10) DEFAULT NULL COMMENT '题目难度：1简单 2一般 3困难',
  `score` int(10) DEFAULT NULL COMMENT '分值',
  `a` varchar(100) DEFAULT NULL COMMENT '答案A',
  `b` varchar(100) DEFAULT NULL COMMENT '答案B',
  `c` varchar(100) DEFAULT NULL COMMENT '答案C',
  `d` varchar(100) DEFAULT NULL COMMENT '答案D',
  `e` varchar(100) DEFAULT NULL COMMENT '答案E',
  `f` varchar(100) DEFAULT NULL COMMENT '答案F',
  `g` varchar(100) DEFAULT NULL COMMENT '答案G',
  `o` varchar(100) DEFAULT NULL COMMENT '其他答案',
  `answer_correct` varchar(100) DEFAULT NULL COMMENT '正确答案(单选：A,多选：A,B,C)',
  `answer_explain` varchar(255) DEFAULT NULL COMMENT '答案解析',
  `remark` varchar(255) DEFAULT NULL COMMENT '备注',
  `create_date` bigint(20) DEFAULT NULL COMMENT '创建日期(时间戳格式)',
  `create_by` int(10) DEFAULT NULL COMMENT '创建人',
  `update_date` bigint(20) DEFAULT NULL COMMENT '修改日期(时间戳格式)',
  `update_by` int(10) DEFAULT NULL COMMENT '修改人',
  `del_flag` int(5) DEFAULT '0' COMMENT '逻辑删除标记[0正常,1已删除]',
  PRIMARY KEY (`id`)
) ENGINE=InnoDB AUTO_INCREMENT=244 DEFAULT CHARSET=utf8 COMMENT='题库表';

/*Data for the table `doc_question` */

insert  into `doc_question`(`id`,`type`,`name`,`content`,`level`,`score`,`a`,`b`,`c`,`d`,`e`,`f`,`g`,`o`,`answer_correct`,`answer_explain`,`remark`,`create_date`,`create_by`,`update_date`,`update_by`,`del_flag`) values (84,1,NULL,'人工开挖土方或路面时，应在现场周围做好安全防护措施，作业人员不得在沟坑内休息；沟槽边上( )以内不准堆料或停放车辆设备',2,NULL,'0.8m','1m','1.2m','1.4m',NULL,NULL,NULL,NULL,'A',NULL,NULL,1530516659670,1,NULL,NULL,0),(85,1,NULL,'利用机械破碎路面时，( )专人统一指挥，非操作人员不得进入操作范围内',2,NULL,'应设','可不设',NULL,NULL,NULL,NULL,NULL,NULL,'A',NULL,NULL,1530516660003,1,NULL,NULL,0),(93,1,NULL,'通信线路高处架设作业人员( )持特种作业操作资格证书作业',2,NULL,'必须','不必',NULL,NULL,NULL,NULL,NULL,NULL,'A',NULL,NULL,1530516662867,1,NULL,NULL,0),(98,1,NULL,'高空作业上下梯子时，工具要放在( )里',2,NULL,'衣袋','密封好的工具袋','手',NULL,NULL,NULL,NULL,NULL,'B',NULL,NULL,1530516664447,1,NULL,NULL,0),(99,1,NULL,'严禁在电力线路正下方，尤其是高压线路下立杆作业。在高压线附近架空作业时，离开高压线最小距离必须保证：35kv以上为( )',2,NULL,'3m','4m','5m','6m',NULL,NULL,NULL,NULL,'B',NULL,NULL,1530516664766,1,NULL,NULL,0),(108,1,NULL,'有架空电力线和其他障碍物的地方，( )举梯移动',2,NULL,'不得','可以',NULL,NULL,NULL,NULL,NULL,NULL,'A',NULL,NULL,1530516667693,1,NULL,NULL,0),(111,1,NULL,'凡是有触电危险的环境下作业，( )穿绝缘鞋',2,NULL,'必须','不必',NULL,NULL,NULL,NULL,NULL,NULL,'A',NULL,NULL,1530516668653,1,NULL,NULL,0),(113,1,NULL,'车辆确保装载物放置稳固，( )客货混装',2,NULL,'严禁','可以',NULL,NULL,NULL,NULL,NULL,NULL,'A',NULL,NULL,1530516669287,1,NULL,NULL,0),(119,2,NULL,'作业人员进入管道人孔前，需确认无( )并通风后方可进入作业',2,NULL,'易燃','有毒','有害气体',NULL,NULL,NULL,NULL,NULL,'A,B,C',NULL,NULL,1530516671243,1,NULL,NULL,0),(122,2,NULL,'在人（手）孔内工作时，井口周围必须设置( )等安全设施，以便引起行人或车辆注意，上面设专人看守',2,NULL,'安全围栏','红旗','安全标志牌','安全警示灯',NULL,NULL,NULL,NULL,'A,B,C,D',NULL,NULL,1530516672188,1,NULL,NULL,0),(123,2,NULL,'上杆前首先必须认真检查杆根有无折断或倒杆的危险，如发现有( )的电杆，在未加固前，不得攀登',2,NULL,'腐烂','严重裂纹','不牢固',NULL,NULL,NULL,NULL,NULL,'A,B,C',NULL,NULL,1530516672509,1,NULL,NULL,0),(124,1,NULL,'挖掘土石方，应( )进行，不得掏洞挖土',2,NULL,'从上而下','从下而上',NULL,NULL,NULL,NULL,NULL,NULL,'A',NULL,NULL,1530516672826,1,NULL,NULL,0),(125,1,NULL,'土方开挖作业时如遇有毒、有害、易燃、易爆气体或液体管道泄漏，施工人员应( )，并及时报有关单位修复',2,NULL,'立即撤至安全地点','立即自行组织堵塞',NULL,NULL,NULL,NULL,NULL,NULL,'A',NULL,NULL,1530516673147,1,NULL,NULL,0),(126,1,NULL,'作业人员进入管道人孔前，尤其是进入环境复杂、井底有淤泥、污水的老孔和深孔时，( )进行气体检查和监测',2,NULL,'可以','不必','必须',NULL,NULL,NULL,NULL,NULL,'C',NULL,NULL,1530516673461,1,NULL,NULL,0),(127,1,NULL,'在人（手）孔内工作时，井口周围必须设置安全设施，以便引起行人或车辆注意，上面( )专人看守',2,NULL,'应设','可不设',NULL,NULL,NULL,NULL,NULL,NULL,'A',NULL,NULL,1530516673787,1,NULL,NULL,0),(128,1,NULL,'人孔内有水时须先抽水。抽水机的排气管不得靠近人孔口，应朝着人孔的( )方向',2,NULL,'下风','上风',NULL,NULL,NULL,NULL,NULL,NULL,'A',NULL,NULL,1530516674104,1,NULL,NULL,0),(129,1,NULL,'在人（手）孔夜间施工必须在周围设置( )，以作警示',2,NULL,'红灯','绿灯',NULL,NULL,NULL,NULL,NULL,NULL,'A',NULL,NULL,1530516674439,1,NULL,NULL,0),(130,1,NULL,'管道作业中上下人孔的梯子( )撤走',2,NULL,'不准','可以',NULL,NULL,NULL,NULL,NULL,NULL,'A',NULL,NULL,1530516674751,1,NULL,NULL,0),(131,1,NULL,'地下室、人孔照明应采用( )灯具',2,NULL,'防爆','普通',NULL,NULL,NULL,NULL,NULL,NULL,'A',NULL,NULL,1530516675070,1,NULL,NULL,0),(132,1,NULL,'当发现人（手）孔内有易燃易爆或有毒有害气体时，严禁启动( )',2,NULL,'电器设备开关','动用明火','电器设备开关和动用明火',NULL,NULL,NULL,NULL,NULL,'C',NULL,NULL,1530516675384,1,NULL,NULL,0),(133,1,NULL,'为加强安全管理，队伍进场施工前，应针对项目特点和现场实际情况，进行有针对性的( )',2,NULL,'安全技术交底','施工技术交底',NULL,NULL,NULL,NULL,NULL,NULL,'A',NULL,NULL,1530516675703,1,NULL,NULL,0),(134,1,NULL,'采用竹梯作业时，梯子的上端至少应高出吊线( )以上，并采取临时绑扎措施',2,NULL,'10CM','20CM','30CM','40CM',NULL,NULL,NULL,NULL,'C',NULL,NULL,1530516676019,1,NULL,NULL,0),(135,1,NULL,'线路架空工程中，可以同时在梯子上作业人员是( )人',2,NULL,'1','2','3',NULL,NULL,NULL,NULL,NULL,'A',NULL,NULL,1530516676338,1,NULL,NULL,0),(136,1,NULL,'高处作业是指专门或经常在坠落高度基准面( )米及以上有可能坠落的高处进行的作业。通信线路高处架设作业人员必须持特种作业操作资格证书作业',2,NULL,'1m','1.5m','2m','2.5m',NULL,NULL,NULL,NULL,'C',NULL,NULL,1530516676650,1,NULL,NULL,0),(137,1,NULL,'新建、拆旧杆路工程中，利用脚扣上下杆时，可以同时( )人在杆上作业',2,NULL,'1','2','3',NULL,NULL,NULL,NULL,NULL,'A',NULL,NULL,1530516676971,1,NULL,NULL,0),(138,1,NULL,'严禁在电力线路正下方，尤其是高压线路下立杆作业。在高压线附近架空作业时，离开高压线最小距离必须保证：35kv以下为( )',2,NULL,'1m','1.5m','2m','2.5m',NULL,NULL,NULL,NULL,'D',NULL,NULL,1530516677284,1,NULL,NULL,0),(139,1,NULL,'架空线路采用竹梯登高作业时，下面( )有人扶梯，防止竹梯左右滑动',2,NULL,'要','不要',NULL,NULL,NULL,NULL,NULL,NULL,'A',NULL,NULL,1530516677606,1,NULL,NULL,0),(140,1,NULL,'当发现人孔内存在有毒有害气体时，必须打开人孔盖采取( )措施来消除隐患。通风方式一般分为自然通风、强迫通风',2,NULL,'降温','排水','排风',NULL,NULL,NULL,NULL,NULL,'C',NULL,NULL,1530516677918,1,NULL,NULL,0),(141,1,NULL,'严禁在人孔和地下室吸烟和燃火取暖，严禁将( )物品带入人孔或地下室',2,NULL,'易燃易爆','工器具','食品食物',NULL,NULL,NULL,NULL,NULL,'A',NULL,NULL,1530516678238,1,NULL,NULL,0),(142,1,NULL,'光、电缆通过供电线路上方时，应事先通知电力部门派人到现场停止送电，并经检查确实停电后方可作业。停电时必须在开关处悬挂( )',2,NULL,'停电警示标志','施工通知','施工联系人电话',NULL,NULL,NULL,NULL,NULL,'A',NULL,NULL,1530516678551,1,NULL,NULL,0),(143,1,NULL,'光、电缆通过供电线路上方时，应事先通知电力部门派人到现场停止送电，并经检查确实停电后方可作业。( )有专人值守，严禁擅自送电',2,NULL,'必须','不需要',NULL,NULL,NULL,NULL,NULL,NULL,'A',NULL,NULL,1530516678871,1,NULL,NULL,0),(144,1,NULL,'在电力线附近作业，上杆前必须穿戴具有( )的安全帽和电绝缘鞋，使用绝缘工具',2,NULL,'普通','近电预警器','普通或近电预警器',NULL,NULL,NULL,NULL,NULL,'B',NULL,NULL,1530516679183,1,NULL,NULL,0),(145,1,NULL,'人工布放钢绞线，在牵引前端应使用干燥的麻绳（将麻绳与钢绞线连接牢固）牵引。如钢绞线在低压电力线之上，必须设专人用( )托住钢绞线，不得搁在电力线上拖拉',2,NULL,'手','铁梯','绝缘棒','钢叉',NULL,NULL,NULL,NULL,'C',NULL,NULL,1530516679504,1,NULL,NULL,0),(147,1,NULL,'在拼接管段前或因故障停顿时，应加强联系，及时通知工具管头部操作人员停止冲泥出土，防止由于冲吸过多造成( )',2,NULL,'塌方','泥石流','堵塞',NULL,NULL,NULL,NULL,NULL,'A',NULL,NULL,1530516680137,1,NULL,NULL,0),(148,1,NULL,'( )在人孔和地下室吸烟和燃火取暖',2,NULL,'严禁','可以',NULL,NULL,NULL,NULL,NULL,NULL,'A',NULL,NULL,1530516680449,1,NULL,NULL,0),(154,1,NULL,'根据国家财政部、安监总局《企业安全生产费用提取和使用管理办法》（财企〔2012〕16号），通信工程安全生产费用提取以建筑安装工程造价为计提依据，提取比例为( )',2,NULL,'1','1.5','2','2.5',NULL,NULL,NULL,NULL,'B',NULL,NULL,1530516682548,1,NULL,NULL,0),(158,1,NULL,'作业前( )认真检查安全帽、安全带等个人劳动防护用品',2,NULL,'必须','不需要',NULL,NULL,NULL,NULL,NULL,NULL,'A',NULL,NULL,1530516683830,1,NULL,NULL,0),(159,2,NULL,'从事管道人孔作业的施工及维护班组，应配备( )等必要的安全检测仪器和防护用品',2,NULL,'有毒有害气体检测仪','全身式安全带','安全救护绳索',NULL,NULL,NULL,NULL,NULL,'A,B,C',NULL,NULL,1530516684154,1,NULL,NULL,0),(166,1,NULL,'电信设备安装作业时，在室外开箱一般应有防尘、( )措施',2,NULL,'防晒','防火','防潮','防雷',NULL,NULL,NULL,NULL,'C',NULL,NULL,1530516686698,1,NULL,NULL,0),(173,1,NULL,'城镇人口密集区、学校附近、交通要道等环境下作业时应设临时警戒线，铁塔周边( )米内禁止闲人进入',2,NULL,'1米','5米','10米','20米',NULL,NULL,NULL,NULL,'B',NULL,NULL,1530516689197,1,NULL,NULL,0),(177,1,NULL,'生产经营单位发生生产安全事故后，事故现场有关人员应当报告( )',2,NULL,'本单位负责人','安全生产管理部门的负责人','当地人民政府','国家设立的行政机关',NULL,NULL,NULL,NULL,'A',NULL,NULL,1530516690711,1,NULL,NULL,0),(178,1,NULL,'以下几种逃生方法哪种是不正确的( )',2,NULL,'用湿毛巾捂着嘴巴和鼻子','弯着身子快速跑到安全地点','躲在床底下等待消防人员救援','使用电梯逃生',NULL,NULL,NULL,NULL,'D',NULL,NULL,1530516691044,1,NULL,NULL,0),(180,1,NULL,'从业人员发现直接危及人身安全的紧急情况时，应( )',2,NULL,'停止作业，撤离危险现场','继续作业','向上级汇报，等待上级指令',NULL,NULL,NULL,NULL,NULL,'A',NULL,NULL,1530516691680,1,NULL,NULL,0),(199,2,NULL,'以下属于特种作业的是( )',2,NULL,'电工','焊工','制冷','登高架设作业','高处安装、维护、拆除作业',NULL,NULL,NULL,'A,B,C,D,E',NULL,NULL,1530516697729,1,NULL,NULL,0),(200,2,NULL,'患有哪些疾病人员不得从事高处作业( )',2,NULL,'心脏病','贫血','高血压','癫痫病',NULL,NULL,NULL,NULL,'A,B,C,D',NULL,NULL,1530516698045,1,NULL,NULL,0),(201,2,NULL,'在施工现场，“三违”是指( )',2,NULL,'违章指挥','违章作业','强令冒险作业','违反法律法规','违反劳动纪律',NULL,NULL,NULL,'A,B,E',NULL,NULL,1530516698363,1,NULL,NULL,0),(202,2,NULL,'运行的机房内( )须取得相应手续',2,NULL,'临时用电','动火作业','电焊作业',NULL,NULL,NULL,NULL,NULL,'A,B,C',NULL,NULL,1530516698677,1,NULL,NULL,0),(203,2,NULL,'作业现场的人员要做到“四不伤害”，内容包括( )',2,NULL,'不伤害自己','不伤害他人','不被他人伤害','保护他人不受伤害','不伤害仪器',NULL,NULL,NULL,'A,B,C,D',NULL,NULL,1530516699002,1,NULL,NULL,0),(204,1,NULL,'静电电压最高可达( )，可现场放电，产生静电火花',2,NULL,'50v','220v　','10kv','数万伏',NULL,NULL,NULL,NULL,'D',NULL,NULL,1530516699315,1,NULL,NULL,0),(205,1,NULL,'使用消防灭火器灭火时，人的站立位置应是( )',2,NULL,'上风口','下风口','侧风方向',NULL,NULL,NULL,NULL,NULL,'A',NULL,NULL,1530516699636,1,NULL,NULL,0),(206,1,NULL,'安全带的正确挂扣方法是( )',2,NULL,'低挂高用','高挂低用','平挂平用',NULL,NULL,NULL,NULL,NULL,'B',NULL,NULL,1530516699950,1,NULL,NULL,0),(207,1,NULL,'发现人员触电时，应( )，使之脱离电源',2,NULL,'立即用手拉开触电人员','用绝缘物体拨开电源或触电者','用铁棍拨开电源线',NULL,NULL,NULL,NULL,NULL,'B',NULL,NULL,1530516700269,1,NULL,NULL,0),(208,1,NULL,'塔上作业属于登高作业，登塔人员须戴安全帽，塔下作业人员虽然不用登高，( )安全帽',2,NULL,'可以不戴','也一样戴','看情况是否必要戴',NULL,NULL,NULL,NULL,NULL,'B',NULL,NULL,1530516700581,1,NULL,NULL,0),(209,1,NULL,'上塔前要检查随身携带工器具，确保使用工具齐全，上塔时工具材料放置( )',2,NULL,'工具包内','只有扳手等小件物品可放进裤子口袋内','用绳子拴住挂在脖子上',NULL,NULL,NULL,NULL,NULL,'A',NULL,NULL,1530516700902,1,NULL,NULL,0),(210,1,NULL,'上塔前要检查随身携带工器具，确保使用工具齐全，随身携带的总重量不得超过( )',2,NULL,'10kg','20kg','30kg','40kg',NULL,NULL,NULL,NULL,'B',NULL,NULL,1530516701215,1,NULL,NULL,0),(211,1,NULL,'机房内登高作业( )蹬踩或攀扶电源柜等其他设备',2,NULL,'可以','不可以','视情况可以（如没有运行的设备可以）',NULL,NULL,NULL,NULL,NULL,'B',NULL,NULL,1530516701536,1,NULL,NULL,0),(212,1,NULL,'吊装物件作业应在铁塔面对高压线的( )作业,并注意现场风向,以防大绳触及高压线',2,NULL,'背面','正面',NULL,NULL,NULL,NULL,NULL,NULL,'A',NULL,NULL,1530516701850,1,NULL,NULL,0),(213,1,NULL,'遇有恶劣气候影响施工安全时，应停止高处作业，如雷雨天气禁止上塔作业，风力在( )级以上禁止上塔作业',2,NULL,'4','5','6','7',NULL,NULL,NULL,NULL,'C',NULL,NULL,1530516702176,1,NULL,NULL,0),(214,1,NULL,'高处作业人员与地面人员之间( )抛扔工具和材料',2,NULL,'可以','禁止',NULL,NULL,NULL,NULL,NULL,NULL,'B',NULL,NULL,1530516702496,1,NULL,NULL,0),(215,1,NULL,'受潮的绝缘鞋( )起到绝缘保护',2,NULL,'能','不能','不确定',NULL,NULL,NULL,NULL,NULL,'B',NULL,NULL,1530516702818,1,NULL,NULL,0),(216,1,NULL,'根据国家财政部、安监总局《企业安全生产费用提取和使用管理办法》（财企〔2012〕16号），通信工程安全生产费用提取以建筑安装工程造价为计提依据，提取比例为( )%',2,NULL,'1','1.5','2','2.5',NULL,NULL,NULL,NULL,'B',NULL,NULL,1530516703134,1,NULL,NULL,0),(217,1,NULL,'驾驶员不能穿( )驾驶车辆',2,NULL,'球鞋','拖鞋','皮鞋',NULL,NULL,NULL,NULL,NULL,'B',NULL,NULL,1530516703455,1,NULL,NULL,0),(218,1,NULL,'在220千伏以上的架空电力线附近起重作业时，起重机具和被吊物与电力线最小距离不应小于( )米',2,NULL,'2','4','5','6',NULL,NULL,NULL,NULL,'D',NULL,NULL,1530516703767,1,NULL,NULL,0),(219,1,NULL,'从事特种作业人员必须年满( )周岁以上，工身体健康，没有妨碍从事本工种作业的疾病和生理缺陷，具有本工种作业所需要的文化程度和安全、技术知识及实践经验',2,NULL,'16','17','18','20',NULL,NULL,NULL,NULL,'C',NULL,NULL,1530516704089,1,NULL,NULL,0),(220,1,NULL,'特种作业中，( )米（包含）以上即为高处作业',2,NULL,'2','5','10','20',NULL,NULL,NULL,NULL,'A',NULL,NULL,1530516704404,1,NULL,NULL,0),(221,1,NULL,'在电力线、电力设备下方或危险范围内，( )使用金属梯',2,NULL,'严禁','可以',NULL,NULL,NULL,NULL,NULL,NULL,'A',NULL,NULL,1530516704723,1,NULL,NULL,0),(222,1,NULL,'确保装载物放置稳固，( )客货混装',2,NULL,'严禁','可以',NULL,NULL,NULL,NULL,NULL,NULL,'A',NULL,NULL,1530516705038,1,NULL,NULL,0),(223,1,NULL,'进入工地，无论是塔上作业还是塔下作业必须佩戴安全帽；戴安全帽( )帽绳',2,NULL,'必须系紧','可以不系',NULL,NULL,NULL,NULL,NULL,NULL,'A',NULL,NULL,1530516705358,1,NULL,NULL,0),(224,1,NULL,'2016年安全月主题是( )',2,NULL,'强化安全发展观念，提升全民安全素质','加强安全法治，保障安全生产','强化红线意识，促进安全发展',NULL,NULL,NULL,NULL,NULL,'A',NULL,NULL,1530516705670,1,NULL,NULL,0),(225,1,NULL,'剖电缆时，拿刀的手放在后边，另一个手放在前面，不可用力过猛，应避免刀滑伤手，刀口应( )，用力均匀',2,NULL,'向上','向下',NULL,NULL,NULL,NULL,NULL,NULL,'B',NULL,NULL,1530516705992,1,NULL,NULL,0),(226,1,NULL,'设备安装工程中，采用竹梯登高作业时，下面( )有人扶梯，防止竹梯左右滑动',2,NULL,'要','不要',NULL,NULL,NULL,NULL,NULL,NULL,'A',NULL,NULL,1530516706308,1,NULL,NULL,0),(227,1,NULL,'电源线无老化和破损，电器设备的插头必须完好，不得以其它任何方式代替电插头，( )以电话线代替电源线',2,NULL,'可以','不得',NULL,NULL,NULL,NULL,NULL,NULL,'B',NULL,NULL,1530516706628,1,NULL,NULL,0),(228,1,NULL,'在通信设备扩容、割接工程中，五金工具如扳手、起子等( )使用绝缘胶布缠绕作绝缘防护处理',2,NULL,'必须','可以不',NULL,NULL,NULL,NULL,NULL,NULL,'A',NULL,NULL,1530516706945,1,NULL,NULL,0),(229,1,NULL,'在电力线附近作业，必须穿戴具有( )的安全帽和电绝缘鞋，使用绝缘工具',2,NULL,'普通','电告警','普通或电告警',NULL,NULL,NULL,NULL,NULL,'B',NULL,NULL,1530516707267,1,NULL,NULL,0),(230,1,NULL,'需要停电作业的，停电时必须在开关处悬挂( )',2,NULL,'停电警示标志','施工通知','施工联系人电话',NULL,NULL,NULL,NULL,NULL,'A',NULL,NULL,1530516707613,1,NULL,NULL,0),(231,1,NULL,'高处作业级别划分一级高处作业、二级高处作业、三级高处作业和特级高处作业。其中，特级高处作业高度为( )',2,NULL,'2-5米','5-15米','15-30米','30米以上',NULL,NULL,NULL,NULL,'D',NULL,NULL,1530516707986,1,NULL,NULL,0),(232,1,NULL,'电源柜作业时( )佩戴钢笔、手表、首饰等金属物品和穿戴金属纽扣的衣服',2,NULL,'可以','不得',NULL,NULL,NULL,NULL,NULL,NULL,'B',NULL,NULL,1530516708298,1,NULL,NULL,0),(233,1,NULL,'塔上有人作业时，要采取安全防护措施，( )闲人进入现场',2,NULL,'可以','禁止',NULL,NULL,NULL,NULL,NULL,NULL,'B',NULL,NULL,1530516708621,1,NULL,NULL,0),(234,1,NULL,'在梯子上工作应穿防滑鞋，可以同时在梯子上作业人员是( )人。不得单脚踏梯，不得用腿、脚移动梯子',2,NULL,'1','2','3',NULL,NULL,NULL,NULL,NULL,'A',NULL,NULL,1530516708934,1,NULL,NULL,0),(235,1,NULL,'在雷雨天，不要走进高压电杆、铁塔、避雷针的接地导线周围( )米内',2,NULL,'10','20','30','5',NULL,NULL,NULL,NULL,'B',NULL,NULL,1530516709256,1,NULL,NULL,0),(236,1,NULL,'所有物件应用工作绳吊装，滑轮应固定良好，大绳与滑轮之间应滑动自如，在吊装过程中( )专人负责指挥',2,NULL,'应设','可不设',NULL,NULL,NULL,NULL,NULL,NULL,'A',NULL,NULL,1530516709569,1,NULL,NULL,0),(237,1,NULL,'领取安全带时应及时检查，发现有破损的安全带( )',2,NULL,'应立即更换','继续使用',NULL,NULL,NULL,NULL,NULL,NULL,'A',NULL,NULL,1530516709891,1,NULL,NULL,0),(238,1,NULL,'每年的( )月份是全国“安全生产月”',2,NULL,'5','6','7','8',NULL,NULL,NULL,NULL,'B',NULL,NULL,1530516710203,1,NULL,NULL,0),(239,2,NULL,'出车前，应对车辆进行检查，检查的内容包括( )',2,NULL,'胎压','灯光信号系统','制动系统','转向系统',NULL,NULL,NULL,NULL,'A,B,C,D',NULL,NULL,1530516710522,1,NULL,NULL,0),(240,2,NULL,'班组按规定配齐安全工器具，做到正确使用、保管完好，安全工器具实行( )管理',2,NULL,'定人','定责','定量','定性','定点',NULL,NULL,NULL,'A,B,E',NULL,NULL,1530516710838,1,NULL,NULL,0),(241,2,NULL,'下列关于使用梯子的说法正确的是( )',2,NULL,'必要时可以两个人同时站在梯子上施工','梯身粘贴反光警示条','梯子的底部要做防滑','使用梯子登高，应派专人扶梯','梯子要做加固处理',NULL,NULL,NULL,'B,C,D,E',NULL,NULL,1530516711160,1,NULL,NULL,0),(242,2,NULL,'遇有( )等天气时应停止吊装作业',2,NULL,'大风','雷雨','大雾',NULL,NULL,NULL,NULL,NULL,'A,B,C',NULL,NULL,1530516711475,1,NULL,NULL,0),(243,2,NULL,'关于高处作业，下列说法正确的是( )',2,NULL,'做好个人安全防护，戴安全帽、系安全带','有恶劣气候影响施工安全时，应停止高处作业','作业人员感到身体不适时应立即停止作业','严禁酒后登高',NULL,NULL,NULL,NULL,'A,B,C,D',NULL,NULL,1530516711794,1,NULL,NULL,0);

/*Table structure for table `doc_question_version` */

DROP TABLE IF EXISTS `doc_question_version`;

CREATE TABLE `doc_question_version` (
  `id` int(50) NOT NULL AUTO_INCREMENT COMMENT '题库版本记录id',
  `version` int(100) DEFAULT NULL COMMENT '题库版本号记录',
  `update_time` bigint(20) DEFAULT NULL COMMENT '题库修改时间',
  `update_by` int(50) DEFAULT NULL COMMENT '题库修改人id',
  `update_user_name` varchar(100) COLLATE utf8_unicode_ci DEFAULT NULL COMMENT '题库修改人姓名',
  PRIMARY KEY (`id`)
) ENGINE=InnoDB AUTO_INCREMENT=2 DEFAULT CHARSET=utf8 COLLATE=utf8_unicode_ci;

/*Data for the table `doc_question_version` */

insert  into `doc_question_version`(`id`,`version`,`update_time`,`update_by`,`update_user_name`) values (1,163,1530516711994,1,'root');

/*Table structure for table `doc_source` */

DROP TABLE IF EXISTS `doc_source`;

CREATE TABLE `doc_source` (
  `id` int(10) NOT NULL AUTO_INCREMENT COMMENT '主键',
  `name` varchar(50) DEFAULT NULL COMMENT '文档名称',
  `type` int(10) DEFAULT NULL COMMENT '0全部1安全生产视频课程2安全生产培训文档3安全生产安全守则4施工工艺视频课程5施工工艺培训文档6施工工艺工艺示例',
  `url` varchar(255) DEFAULT NULL COMMENT '文档地址(全路径,可直接访问)',
  `size` varchar(50) DEFAULT NULL COMMENT '文档大小(kb)',
  `suffix` varchar(50) DEFAULT NULL COMMENT '文档后缀',
  `apply_time` int(50) DEFAULT '0' COMMENT '文档请求次数(阅读量)',
  `remark` varchar(255) DEFAULT NULL COMMENT '备注',
  `create_date` bigint(20) DEFAULT NULL COMMENT '创建日期(时间戳格式)',
  `create_by` int(10) DEFAULT NULL COMMENT '创建人',
  `update_date` bigint(20) DEFAULT NULL COMMENT '修改日期(时间戳格式)',
  `update_by` int(10) DEFAULT NULL COMMENT '修改人',
  `del_flag` int(5) DEFAULT '0' COMMENT '逻辑删除标记[0正常,1已删除,2黑名单]',
  PRIMARY KEY (`id`)
) ENGINE=InnoDB AUTO_INCREMENT=177 DEFAULT CHARSET=utf8 COMMENT='媒体资源表';

/*Data for the table `doc_source` */

insert  into `doc_source`(`id`,`name`,`type`,`url`,`size`,`suffix`,`apply_time`,`remark`,`create_date`,`create_by`,`update_date`,`update_by`,`del_flag`) values (172,'测试视频',3,'http://47.94.98.20:8085/source/attach/1528732046351.mp4',NULL,'.mp4',38,'测试视频',1528732055815,1,NULL,NULL,0),(173,'测试文档资源',1,'http://47.94.98.20:8085/source/attach/1528732895162.doc',NULL,'.doc',53,'',1528732897173,1,NULL,NULL,0),(174,'测试文档3',1,'http://47.94.98.20:8085/source/attach/1528733084515.doc',NULL,'.doc',53,'',1528733085983,1,NULL,NULL,0),(175,'PDF',1,'http://47.94.98.20:8085/source/attach/1528733300907.pdf',NULL,'.pdf',52,'',1528733302368,1,NULL,NULL,0),(176,'2',1,'http://47.94.98.20:8085/source/attach/1529314477715.jpg',NULL,'.jpg',47,'',1529314490824,1,NULL,NULL,0);

/*Table structure for table `insurance_company` */

DROP TABLE IF EXISTS `insurance_company`;

CREATE TABLE `insurance_company` (
  `id` int(50) NOT NULL AUTO_INCREMENT COMMENT '保险公司id',
  `name` varchar(100) COLLATE utf8_unicode_ci DEFAULT NULL COMMENT '保险公司名称',
  `url_for_query` varchar(255) COLLATE utf8_unicode_ci DEFAULT NULL COMMENT '保险公司查询保单号地址',
  `url_index` varchar(255) COLLATE utf8_unicode_ci DEFAULT NULL COMMENT '保险公司官网',
  `phone` varchar(100) COLLATE utf8_unicode_ci DEFAULT NULL COMMENT '保险公司电话',
  PRIMARY KEY (`id`)
) ENGINE=InnoDB AUTO_INCREMENT=3 DEFAULT CHARSET=utf8 COLLATE=utf8_unicode_ci;

/*Data for the table `insurance_company` */

insert  into `insurance_company`(`id`,`name`,`url_for_query`,`url_index`,`phone`) values (2,'泰康人寿44','泰康人寿保单查询页面44','泰康人寿保单查询页面主页44','123454444');

/*Table structure for table `oa_item` */

DROP TABLE IF EXISTS `oa_item`;

CREATE TABLE `oa_item` (
  `id` int(11) NOT NULL AUTO_INCREMENT COMMENT '主键ID',
  `parent_id` int(11) DEFAULT NULL COMMENT '父项目ID',
  `name` varchar(100) DEFAULT NULL COMMENT '项目名称',
  `sort` int(10) DEFAULT NULL COMMENT '项目排序',
  `code` varchar(100) DEFAULT NULL COMMENT '项目编号',
  `type` varchar(10) DEFAULT NULL COMMENT '项目类型',
  `grade` varchar(10) DEFAULT NULL COMMENT '项目等级',
  `master` int(10) DEFAULT NULL COMMENT '负责人id,关联oa_person主键',
  `master_name` varchar(50) DEFAULT NULL COMMENT '负责人姓名',
  `company_name` varchar(100) DEFAULT NULL COMMENT '施工单位名称',
  `item_flag` varchar(100) DEFAULT NULL COMMENT '项目标识,唯一',
  `item_cycle` varchar(100) DEFAULT NULL COMMENT '项目周期',
  `create_date` bigint(20) DEFAULT NULL COMMENT '创建时间',
  `update_by` int(10) DEFAULT NULL COMMENT '更新者',
  `update_date` bigint(20) DEFAULT NULL COMMENT '更新时间',
  `del_flag` int(10) DEFAULT '0' COMMENT '逻辑删除标记（0：显示；1：隐藏）',
  `remarks` varchar(255) DEFAULT NULL COMMENT '备注信息',
  `create_by` int(11) DEFAULT NULL COMMENT '创建者',
  PRIMARY KEY (`id`),
  KEY `sys_office_parent_id` (`parent_id`),
  KEY `sys_office_type` (`type`)
) ENGINE=InnoDB AUTO_INCREMENT=9 DEFAULT CHARSET=utf8 COMMENT='项目表';

/*Data for the table `oa_item` */

insert  into `oa_item`(`id`,`parent_id`,`name`,`sort`,`code`,`type`,`grade`,`master`,`master_name`,`company_name`,`item_flag`,`item_cycle`,`create_date`,`update_by`,`update_date`,`del_flag`,`remarks`,`create_by`) values (7,7,'项目名称sss',1,'项目编号：',NULL,NULL,1,'项目负责人姓名','施工单位名称','项目标识','项目周期',1527821857006,9999,1527821890223,0,NULL,9999),(8,7,'ces',3,'2',NULL,NULL,2,'2','2','2','2',1527843165548,NULL,NULL,0,NULL,9999);

/*Table structure for table `oa_person` */

DROP TABLE IF EXISTS `oa_person`;

CREATE TABLE `oa_person` (
  `id` int(10) NOT NULL AUTO_INCREMENT COMMENT '主键',
  `name` varchar(50) DEFAULT NULL COMMENT '姓名',
  `type` int(10) DEFAULT '5' COMMENT '人员角色类别:1超级管理员 2人员审核管理员(主任) 3项目管理员(移动公司项目经理) 4施工管理员(施工方项目经理) 5施工工人',
  `role_name` varchar(100) DEFAULT NULL COMMENT '角色名称',
  `role_permission` varchar(100) DEFAULT NULL COMMENT '角色权限',
  `gender` varchar(5) DEFAULT NULL COMMENT '性别',
  `contact` varchar(50) DEFAULT NULL COMMENT '联系方式',
  `identity_type` varchar(50) DEFAULT NULL COMMENT '证件类型',
  `identity_num` varchar(50) DEFAULT NULL COMMENT '证件号码',
  `insurance_purchases` varchar(255) DEFAULT NULL COMMENT '保险情况',
  `salary_details` varchar(255) DEFAULT NULL COMMENT '薪资情况',
  `address` varchar(100) DEFAULT NULL COMMENT '现住址',
  `status` int(5) DEFAULT '0' COMMENT '审核状态[0未审核 1已审核]',
  `company` varchar(100) DEFAULT NULL COMMENT '承包公司',
  `item_id` int(10) DEFAULT NULL COMMENT '所在项目id,关联oa_item主键',
  `item_name` varchar(100) DEFAULT NULL COMMENT '项目名称',
  `professional_unit` varchar(100) DEFAULT NULL COMMENT '施工单位专业',
  `black_flag` int(5) DEFAULT '0' COMMENT '黑名单状态[0正常 ,1黑名单待审，2黑名单人员]',
  `remark` varchar(255) DEFAULT NULL COMMENT '备注',
  `create_date` bigint(20) DEFAULT NULL COMMENT '创建日期(时间戳格式)',
  `create_by` int(10) DEFAULT NULL COMMENT '创建人',
  `update_date` bigint(20) DEFAULT NULL COMMENT '修改日期(时间戳格式)',
  `update_by` int(10) DEFAULT NULL COMMENT '修改人',
  `del_flag` int(5) DEFAULT '0' COMMENT '逻辑删除标记[0正常,1已删除,2黑名单]',
  PRIMARY KEY (`id`)
) ENGINE=InnoDB AUTO_INCREMENT=1428 DEFAULT CHARSET=utf8;

/*Data for the table `oa_person` */

insert  into `oa_person`(`id`,`name`,`type`,`role_name`,`role_permission`,`gender`,`contact`,`identity_type`,`identity_num`,`insurance_purchases`,`salary_details`,`address`,`status`,`company`,`item_id`,`item_name`,`professional_unit`,`black_flag`,`remark`,`create_date`,`create_by`,`update_date`,`update_by`,`del_flag`) values (3,'root',1,'root','per:all:*','男',NULL,NULL,NULL,NULL,NULL,NULL,0,'gongsai',NULL,NULL,NULL,0,NULL,NULL,1,NULL,NULL,0),(1038,'尹强',4,'worker_er','per:worker:*',NULL,NULL,'身份证','430903198301143318',',,,',NULL,NULL,1,NULL,NULL,NULL,'广东电信',0,NULL,1530516005608,1,NULL,NULL,0),(1039,'彭玉喜',5,'worker','per:common:*',NULL,NULL,'身份证','43038119940102507x',',,,',NULL,NULL,0,NULL,NULL,NULL,'广东电信',0,NULL,1530516005962,1,NULL,NULL,0),(1040,'彭胜',5,'worker','per:common:*',NULL,NULL,'身份证','430381199903265057',',,,',NULL,NULL,0,NULL,NULL,NULL,'广东电信',0,NULL,1530516006321,1,NULL,NULL,0),(1041,'范红光',4,'worker_er','per:worker:*',NULL,NULL,'身份证','432321197406292173',',,,',NULL,NULL,1,NULL,NULL,NULL,'广东电信',0,NULL,1530516006709,1,NULL,NULL,0),(1042,'龙在发',5,'worker','per:common:*',NULL,NULL,'身份证','430322197409285010',',,,',NULL,NULL,0,NULL,NULL,NULL,'广东电信',0,NULL,1530516007060,1,NULL,NULL,0),(1043,'彭剩龙',5,'worker','per:common:*',NULL,NULL,'身份证','430381199310255056','{\"company\":\"\",\"order_num\":\"\",\"order_time\":\"\",\"how_much\":\"\"}',NULL,NULL,1,NULL,NULL,NULL,'广东电信',0,NULL,1530516007413,1,1530516285097,1,0),(1044,'郑利民',4,'worker_er','per:worker:*',NULL,NULL,'身份证','432321197807052373',',,,',NULL,NULL,1,NULL,NULL,NULL,'广东电信',0,NULL,1530516007766,1,NULL,NULL,0),(1045,'吕伏根',5,'worker','per:common:*',NULL,NULL,'身份证','430381198507105014',',,,',NULL,NULL,0,NULL,NULL,NULL,'广东电信',0,NULL,1530516008353,1,NULL,NULL,0),(1046,'范红波',5,'worker','per:common:*',NULL,NULL,'身份证','432321197901162130',',,,',NULL,NULL,0,NULL,NULL,NULL,'广东电信',0,NULL,1530516008696,1,NULL,NULL,0),(1047,'周上钦',4,'worker_er','per:worker:*',NULL,NULL,'身份证','432321197502072154',',,,',NULL,NULL,1,NULL,NULL,NULL,'广东电信',0,NULL,1530516009042,1,NULL,NULL,0),(1048,'刘寅飞',5,'worker','per:common:*',NULL,NULL,'身份证','432321196802082157',',,,',NULL,NULL,0,NULL,NULL,NULL,'广东电信',0,NULL,1530516009380,1,NULL,NULL,0),(1049,'彭卫红',5,'worker','per:common:*',NULL,NULL,'身份证','430903198210233377',',,,',NULL,NULL,0,NULL,NULL,NULL,'广东电信',0,NULL,1530516009755,1,NULL,NULL,0),(1050,'戴林兵',4,'worker_er','per:worker:*',NULL,NULL,'身份证','430723199208187614',',,,',NULL,NULL,1,NULL,NULL,NULL,'广东电信',0,NULL,1530516010106,1,NULL,NULL,0),(1051,'尹锋',5,'worker','per:common:*',NULL,NULL,'身份证','430903198209163316',',,,',NULL,NULL,0,NULL,NULL,NULL,'广东电信',0,NULL,1530516010685,1,NULL,NULL,0),(1052,'张坤',5,'worker','per:common:*',NULL,NULL,'身份证','430981198807309318',',,,',NULL,NULL,0,NULL,NULL,NULL,'广东电信',0,NULL,1530516011026,1,NULL,NULL,0),(1053,'曾福钧',4,'worker_er','per:worker:*',NULL,NULL,'身份证','430722199506154777',',,,',NULL,NULL,1,NULL,NULL,NULL,'广东电信',0,NULL,1530516011385,1,NULL,NULL,0),(1054,'王建',5,'worker','per:common:*',NULL,NULL,'身份证','432302197705158717',',,,',NULL,NULL,0,NULL,NULL,NULL,'广东电信',0,NULL,1530516011763,1,NULL,NULL,0),(1055,'肖奎钧',5,'worker','per:common:*',NULL,NULL,'身份证','430722199611075050',',,,',NULL,NULL,0,NULL,NULL,NULL,'广东电信',0,NULL,1530516012141,1,NULL,NULL,0),(1056,'邓永保',5,'worker','per:common:*',NULL,NULL,'身份证','433122195509302511',',,,',NULL,NULL,0,NULL,NULL,NULL,'湖南通信',0,NULL,1530516012961,1,NULL,NULL,0),(1057,'杨铁祥',5,'worker','per:common:*',NULL,NULL,'身份证','433122196009182511',',,,',NULL,NULL,0,NULL,NULL,NULL,'湖南通信',0,NULL,1530516013308,1,NULL,NULL,0),(1058,'符宏好',5,'worker','per:common:*',NULL,NULL,'身份证','433122195510112512',',,,',NULL,NULL,0,NULL,NULL,NULL,'湖南通信',0,NULL,1530516013650,1,NULL,NULL,0),(1059,'张组成',5,'worker','per:common:*',NULL,NULL,'身份证','433122195905076034',',,,',NULL,NULL,0,NULL,NULL,NULL,'湖南通信',0,NULL,1530516013996,1,NULL,NULL,0),(1060,'陈清亮',5,'worker','per:common:*',NULL,NULL,'身份证','433122195604306019',',,,',NULL,NULL,0,NULL,NULL,NULL,'湖南通信',0,NULL,1530516014336,1,NULL,NULL,0),(1061,'杨必兴',5,'worker','per:common:*',NULL,NULL,'身份证','433122196909026012',',,,',NULL,NULL,0,NULL,NULL,NULL,'湖南通信',0,NULL,1530516014679,1,NULL,NULL,0),(1062,'李劲涛',4,'worker_er','per:worker:*',NULL,NULL,'身份证','433122198801056032',',,,',NULL,NULL,1,NULL,NULL,NULL,'湖南通信',0,NULL,1530516015016,1,NULL,NULL,0),(1063,'张宗祥',5,'worker','per:common:*',NULL,NULL,'身份证','433122196411306017',',,,',NULL,NULL,0,NULL,NULL,NULL,'中通一局',0,NULL,1530516015361,1,NULL,NULL,0),(1064,'邓刚生',5,'worker','per:common:*',NULL,NULL,'身份证','433122195512222512',',,,',NULL,NULL,0,NULL,NULL,NULL,'中通一局',0,NULL,1530516015708,1,NULL,NULL,0),(1065,'张玲霞',5,'worker','per:common:*',NULL,NULL,'身份证','433122199710066029',',,,',NULL,NULL,0,NULL,NULL,NULL,'中通一局',0,NULL,1530516016049,1,NULL,NULL,0),(1066,'瞿自好',5,'worker','per:common:*',NULL,NULL,'身份证','433122196304016014',',,,',NULL,NULL,0,NULL,NULL,NULL,'中通一局',0,NULL,1530516016387,1,NULL,NULL,0),(1067,'石国生',5,'worker','per:common:*',NULL,NULL,'身份证','433122196304033017',',,,',NULL,NULL,0,NULL,NULL,NULL,'中通一局',0,NULL,1530516016733,1,NULL,NULL,0),(1068,'杨小军',5,'worker','per:common:*',NULL,NULL,'身份证','433122199304076037',',,,',NULL,NULL,0,NULL,NULL,NULL,'中通一局',0,NULL,1530516017075,1,NULL,NULL,0),(1069,'唐进好',5,'worker','per:common:*',NULL,NULL,'身份证','433122197405166016',',,,',NULL,NULL,0,NULL,NULL,NULL,'中通一局',0,NULL,1530516017425,1,NULL,NULL,0),(1070,'龙永清',5,'worker','per:common:*',NULL,NULL,'身份证','433122199701010015',',,,',NULL,NULL,0,NULL,NULL,NULL,'中通一局',0,NULL,1530516017770,1,NULL,NULL,0),(1071,'张自利',5,'worker','per:common:*',NULL,NULL,'身份证','433122197006026016',',,,',NULL,NULL,0,NULL,NULL,NULL,'中通一局',0,NULL,1530516018134,1,NULL,NULL,0),(1072,'麻冬芝',5,'worker','per:common:*',NULL,NULL,'身份证','433122198308200061',',,,',NULL,NULL,0,NULL,NULL,NULL,'中通一局',0,NULL,1530516018491,1,NULL,NULL,0),(1073,'余沛顺',4,'worker_er','per:worker:*',NULL,NULL,'身份证','43312719790527201X',',,,',NULL,NULL,1,NULL,NULL,NULL,'中通二局',0,NULL,1530516018835,1,NULL,NULL,0),(1074,'石官富',5,'worker','per:common:*',NULL,NULL,'身份证','433101196805102031',',,,',NULL,NULL,0,NULL,NULL,NULL,'中通二局',0,NULL,1530516019184,1,NULL,NULL,0),(1075,'陈忠礼',5,'worker','per:common:*',NULL,NULL,'身份证','433130195810283110',',,,',NULL,NULL,0,NULL,NULL,NULL,'中通二局',0,NULL,1530516019533,1,NULL,NULL,0),(1076,'向发生',5,'worker','per:common:*',NULL,NULL,'身份证','433125197009303911',',,,',NULL,NULL,0,NULL,NULL,NULL,'中通二局',0,NULL,1530516019869,1,NULL,NULL,0),(1077,'陈廷章',5,'worker','per:common:*',NULL,NULL,'身份证','433130197208183132',',,,',NULL,NULL,0,NULL,NULL,NULL,'中通二局',0,NULL,1530516020217,1,NULL,NULL,0),(1078,'陈生文',5,'worker','per:common:*',NULL,NULL,'身份证','433101197612175511',',,,',NULL,NULL,0,NULL,NULL,NULL,'中通二局',0,NULL,1530516020555,1,NULL,NULL,0),(1079,'陈廷发',5,'worker','per:common:*',NULL,NULL,'身份证','43313019630107311X',',,,',NULL,NULL,0,NULL,NULL,NULL,'中通二局',0,NULL,1530516020896,1,NULL,NULL,0),(1080,'李文仲',5,'worker','per:common:*',NULL,NULL,'身份证','433130195810243119',',,,',NULL,NULL,0,NULL,NULL,NULL,'中通二局',0,NULL,1530516021237,1,NULL,NULL,0),(1081,'张连校',5,'worker','per:common:*',NULL,NULL,'身份证','433101196804025513',',,,',NULL,NULL,0,NULL,NULL,NULL,'中通二局',0,NULL,1530516021578,1,NULL,NULL,0),(1082,'龙志新',5,'worker','per:common:*',NULL,NULL,'身份证','433125197907281718',',,,',NULL,NULL,0,NULL,NULL,NULL,'中通二局',0,NULL,1530516021912,1,NULL,NULL,0),(1083,'田光建',5,'worker','per:common:*',NULL,NULL,'身份证','433127198801307438',',,,',NULL,NULL,0,NULL,NULL,NULL,'中通二局',0,NULL,1530516022268,1,NULL,NULL,0),(1084,'田涛',5,'worker','per:common:*',NULL,NULL,'身份证','433127198211117431',',,,',NULL,NULL,0,NULL,NULL,NULL,'中通二局',0,NULL,1530516022614,1,NULL,NULL,0),(1085,'鲁俊义',5,'worker','per:common:*',NULL,NULL,'身份证','500241198509291617',',,,',NULL,NULL,0,NULL,NULL,NULL,'中通二局',0,NULL,1530516022960,1,NULL,NULL,0),(1086,'顾先银',4,'worker_er','per:worker:*',NULL,NULL,'身份证','43312719770711418',',,,',NULL,NULL,1,NULL,NULL,NULL,'中通二局',0,NULL,1530516023297,1,NULL,NULL,0),(1087,'陈开银',5,'worker','per:common:*',NULL,NULL,'身份证','433101195612296533',',,,',NULL,NULL,0,NULL,NULL,NULL,'中通二局',0,NULL,1530516023641,1,NULL,NULL,0),(1088,'向帮友',5,'worker','per:common:*',NULL,NULL,'身份证','433127197807042018',',,,',NULL,NULL,0,NULL,NULL,NULL,'中通二局',0,NULL,1530516023973,1,NULL,NULL,0),(1089,'张杰',5,'worker','per:common:*',NULL,NULL,'身份证','433101199504065517',',,,',NULL,NULL,0,NULL,NULL,NULL,'中通二局',0,NULL,1530516024316,1,NULL,NULL,0),(1090,'王怀力',4,'worker_er','per:worker:*',NULL,NULL,'身份证','433101197112088534',',,,',NULL,NULL,1,NULL,NULL,NULL,'中通二局',0,NULL,1530516024646,1,NULL,NULL,0),(1091,'石自情',5,'worker','per:common:*',NULL,NULL,'身份证','433101196807076519',',,,',NULL,NULL,0,NULL,NULL,NULL,'中通二局',0,NULL,1530516024988,1,NULL,NULL,0),(1092,'邹卫顺',5,'worker','per:common:*',NULL,NULL,'身份证','433101197509036513',',,,',NULL,NULL,0,NULL,NULL,NULL,'中通二局',0,NULL,1530516025321,1,NULL,NULL,0),(1093,'梁贵宏',5,'worker','per:common:*',NULL,NULL,'身份证','433101198008076511',',,,',NULL,NULL,0,NULL,NULL,NULL,'中通二局',0,NULL,1530516025660,1,NULL,NULL,0),(1094,'邹卫国',5,'worker','per:common:*',NULL,NULL,'身份证','433101197209086519',',,,',NULL,NULL,0,NULL,NULL,NULL,'中通二局',0,NULL,1530516025994,1,NULL,NULL,0),(1095,'龙自才',5,'worker','per:common:*',NULL,NULL,'身份证','433101197004046556',',,,',NULL,NULL,0,NULL,NULL,NULL,'中通二局',0,NULL,1530516026343,1,NULL,NULL,0),(1096,'王志刚',5,'worker','per:common:*',NULL,NULL,'身份证','433101199501255534',',,,',NULL,NULL,0,NULL,NULL,NULL,'中通二局',0,NULL,1530516026674,1,NULL,NULL,0),(1097,'石自正',5,'worker','per:common:*',NULL,NULL,'身份证','433101197302106537',',,,',NULL,NULL,0,NULL,NULL,NULL,'中通二局',0,NULL,1530516027026,1,NULL,NULL,0),(1098,'严云',5,'worker','per:common:*',NULL,NULL,'身份证','433127197406251230',',,,',NULL,NULL,0,NULL,NULL,NULL,'中通二局',0,NULL,1530516027705,1,NULL,NULL,0),(1099,'罗世新',5,'worker','per:common:*',NULL,NULL,'身份证','433127195402221211',',,,',NULL,NULL,0,NULL,NULL,NULL,'中通二局',0,NULL,1530516028043,1,NULL,NULL,0),(1100,'严刚亮',5,'worker','per:common:*',NULL,NULL,'身份证','433127197910231212',',,,',NULL,NULL,0,NULL,NULL,NULL,'中通二局',0,NULL,1530516028378,1,NULL,NULL,0),(1101,'严芬国',5,'worker','per:common:*',NULL,NULL,'身份证','433127198511061214',',,,',NULL,NULL,0,NULL,NULL,NULL,'中通二局',0,NULL,1530516028722,1,NULL,NULL,0),(1102,'彭楚皇',5,'worker','per:common:*',NULL,NULL,'身份证','433127196310111212',',,,',NULL,NULL,0,NULL,NULL,NULL,'中通二局',0,NULL,1530516029056,1,NULL,NULL,0),(1103,'严刚福',5,'worker','per:common:*',NULL,NULL,'身份证','433127197610191212',',,,',NULL,NULL,0,NULL,NULL,NULL,'中通二局',0,NULL,1530516029396,1,NULL,NULL,0),(1104,'向加华',5,'worker','per:common:*',NULL,NULL,'身份证','433127198806142097',',,,',NULL,NULL,0,NULL,NULL,NULL,'中通二局',0,NULL,1530516029727,1,NULL,NULL,0),(1105,'王文金',5,'worker','per:common:*',NULL,NULL,'身份证','433127197207191212',',,,',NULL,NULL,0,NULL,NULL,NULL,'中通二局',0,NULL,1530516030066,1,NULL,NULL,0),(1106,'瞿继双',5,'worker','per:common:*',NULL,NULL,'身份证','433127198703121218',',,,',NULL,NULL,0,NULL,NULL,NULL,'中通二局',0,NULL,1530516030396,1,NULL,NULL,0),(1107,'涂世银',5,'worker','per:common:*',NULL,NULL,'身份证','433127196112011210',',,,',NULL,NULL,0,NULL,NULL,NULL,'中通二局',0,NULL,1530516030740,1,NULL,NULL,0),(1108,'彭武环',5,'worker','per:common:*',NULL,NULL,'身份证','433127195703202014',',,,',NULL,NULL,0,NULL,NULL,NULL,'中通二局',0,NULL,1530516031073,1,NULL,NULL,0),(1109,'彭文明',5,'worker','per:common:*',NULL,NULL,'身份证','433127195510082255',',,,',NULL,NULL,0,NULL,NULL,NULL,'中通二局',0,NULL,1530516031417,1,NULL,NULL,0),(1110,'田明儒',5,'worker','per:common:*',NULL,NULL,'身份证','433127196912141013',',,,',NULL,NULL,0,NULL,NULL,NULL,'中通二局',0,NULL,1530516031752,1,NULL,NULL,0),(1111,'潘仁周',4,'worker_er','per:worker:*',NULL,NULL,'身份证','433127197911022017',',,,',NULL,NULL,1,NULL,NULL,NULL,'中通二局',0,NULL,1530516032094,1,NULL,NULL,0),(1112,'顾远龙',5,'worker','per:common:*',NULL,NULL,'身份证','433127196303101438',',,,',NULL,NULL,0,NULL,NULL,NULL,'中通二局',0,NULL,1530516032428,1,NULL,NULL,0),(1113,'官学霞',5,'worker','per:common:*',NULL,NULL,'身份证','433127196405141211',',,,',NULL,NULL,0,NULL,NULL,NULL,'中通二局',0,NULL,1530516032768,1,NULL,NULL,0),(1114,'黄太勇',5,'worker','per:common:*',NULL,NULL,'身份证','433127196307251417',',,,',NULL,NULL,0,NULL,NULL,NULL,'中通二局',0,NULL,1530516033101,1,NULL,NULL,0),(1115,'顾先龙',5,'worker','per:common:*',NULL,NULL,'身份证','43312719790601141X',',,,',NULL,NULL,0,NULL,NULL,NULL,'中通二局',0,NULL,1530516033443,1,NULL,NULL,0),(1116,'彭孝文',5,'worker','per:common:*',NULL,NULL,'身份证','433127196301261817',',,,',NULL,NULL,0,NULL,NULL,NULL,'中通二局',0,NULL,1530516033778,1,NULL,NULL,0),(1117,'彭朝林',5,'worker','per:common:*',NULL,NULL,'身份证','433127195512150311',',,,',NULL,NULL,0,NULL,NULL,NULL,'中通二局',0,NULL,1530516034118,1,NULL,NULL,0),(1118,'杨德顺',5,'worker','per:common:*',NULL,NULL,'身份证','43312719660102141X',',,,',NULL,NULL,0,NULL,NULL,NULL,'中通二局',0,NULL,1530516034448,1,NULL,NULL,0),(1119,'彭继康',5,'worker','per:common:*',NULL,NULL,'身份证','433127196108092230',',,,',NULL,NULL,0,NULL,NULL,NULL,'中通二局',0,NULL,1530516034790,1,NULL,NULL,0),(1120,'彭朝胜',5,'worker','per:common:*',NULL,NULL,'身份证','433127196512181411',',,,',NULL,NULL,0,NULL,NULL,NULL,'武汉贝斯特通信集团股份有限公司',0,NULL,1530516035120,1,1530516134051,1,0),(1121,'唐元富',5,'worker','per:common:*',NULL,NULL,'身份证','433127197210071211',',,,',NULL,NULL,0,NULL,NULL,NULL,'中通二局',0,NULL,1530516035459,1,NULL,NULL,0),(1122,'彭仕银',5,'worker','per:common:*',NULL,NULL,'身份证','433127196102241215',',,,',NULL,NULL,0,NULL,NULL,NULL,'武汉贝斯特通信集团股份有限公司',0,NULL,1530516035795,1,1530516134248,1,0),(1123,'宋大云',5,'worker','per:common:*',NULL,NULL,'身份证','433127195305011212',',,,',NULL,NULL,0,NULL,NULL,NULL,'中通二局',0,NULL,1530516036138,1,NULL,NULL,0),(1124,'彭成胜',5,'worker','per:common:*',NULL,NULL,'身份证','433127196512161613',',,,',NULL,NULL,0,NULL,NULL,NULL,'中通二局',0,NULL,1530516036470,1,NULL,NULL,0),(1125,'向选举',4,'worker_er','per:worker:*',NULL,NULL,'身份证','433125197208030514','{\"company\":\"\",\"order_num\":\"\",\"order_time\":\"已退保\",\"how_much\":\"\"}',NULL,NULL,1,NULL,NULL,NULL,'润建通信',0,NULL,1530516036810,1,NULL,NULL,0),(1126,'龙顺兴',5,'worker','per:common:*',NULL,NULL,'身份证','433125196305022116','{\"company\":\"\",\"order_num\":\"\",\"order_time\":\"已退保\",\"how_much\":\"\"}',NULL,NULL,0,NULL,NULL,NULL,'润建通信',0,NULL,1530516037143,1,NULL,NULL,0),(1127,'高峰',5,'worker','per:common:*',NULL,NULL,'身份证','433124197811293611','{\"company\":\"\",\"order_num\":\"\",\"order_time\":\"已退保\",\"how_much\":\"\"}',NULL,NULL,0,NULL,NULL,NULL,'润建通信',0,NULL,1530516037484,1,NULL,NULL,0),(1128,'周官军',5,'worker','per:common:*',NULL,NULL,'身份证','433125196510152331','{\"company\":\"\",\"order_num\":\"\",\"order_time\":\"已退保\",\"how_much\":\"\"}',NULL,NULL,0,NULL,NULL,NULL,'润建通信',0,NULL,1530516037818,1,NULL,NULL,0),(1129,'龙承顺',5,'worker','per:common:*',NULL,NULL,'身份证','433125197708062117','{\"company\":\"\",\"order_num\":\"\",\"order_time\":\"已退保\",\"how_much\":\"\"}',NULL,NULL,0,NULL,NULL,NULL,'润建通信',0,NULL,1530516038159,1,NULL,NULL,0),(1130,'彭先胜',5,'worker','per:common:*',NULL,NULL,'身份证','433125196505052336','{\"company\":\"\",\"order_num\":\"\",\"order_time\":\"已退保\",\"how_much\":\"\"}',NULL,NULL,0,NULL,NULL,NULL,'润建通信',0,NULL,1530516038489,1,NULL,NULL,0),(1131,'彭帆',5,'worker','per:common:*',NULL,NULL,'身份证','433125199307250511','{\"company\":\"\",\"order_num\":\"\",\"order_time\":\"已退保\",\"how_much\":\"\"}',NULL,NULL,0,NULL,NULL,NULL,'润建通信',0,NULL,1530516038833,1,NULL,NULL,0),(1132,'田茂杰',5,'worker','per:common:*',NULL,NULL,'身份证','433123198811163014',',,,',NULL,NULL,0,NULL,NULL,NULL,'中通二局',0,NULL,1530516039165,1,NULL,NULL,0),(1133,'田观保',5,'worker','per:common:*',NULL,NULL,'身份证','433123197710273017',',,,',NULL,NULL,0,NULL,NULL,NULL,'中通二局',0,NULL,1530516039505,1,NULL,NULL,0),(1134,'田洪贵',5,'worker','per:common:*',NULL,NULL,'身份证','433123198710213019',',,,',NULL,NULL,0,NULL,NULL,NULL,'中通二局',0,NULL,1530516039835,1,NULL,NULL,0),(1135,'田秋苟',5,'worker','per:common:*',NULL,NULL,'身份证','433123195507103013',',,,',NULL,NULL,0,NULL,NULL,NULL,'中通二局',0,NULL,1530516040182,1,NULL,NULL,0),(1136,'龙林杰',5,'worker','per:common:*',NULL,NULL,'身份证','433123197911206638',',,,',NULL,NULL,0,NULL,NULL,NULL,'中通二局',0,NULL,1530516040516,1,NULL,NULL,0),(1137,'吴俊吉',5,'worker','per:common:*',NULL,NULL,'身份证','433123196510054819',',,,',NULL,NULL,0,NULL,NULL,NULL,'中通二局',0,NULL,1530516040856,1,NULL,NULL,0),(1138,'吴俊仙',5,'worker','per:common:*',NULL,NULL,'身份证','433123197105044814',',,,',NULL,NULL,0,NULL,NULL,NULL,'中通二局',0,NULL,1530516041195,1,NULL,NULL,0),(1139,'田冬',4,'worker_er','per:worker:*',NULL,NULL,'身份证','433123199102143015',',,,',NULL,NULL,1,NULL,NULL,NULL,'中通二局',0,NULL,1530516041538,1,NULL,NULL,0),(1140,'杨再文',4,'worker_er','per:worker:*',NULL,NULL,'身份证','433123198211093016',',,,',NULL,NULL,1,NULL,NULL,NULL,'中通五局',0,NULL,1530516041910,1,NULL,NULL,0),(1141,'杨秀军',5,'worker','per:common:*',NULL,NULL,'身份证','433123197106233051',',,,',NULL,NULL,0,NULL,NULL,NULL,'中通五局',0,NULL,1530516042260,1,NULL,NULL,0),(1142,'杨锋',5,'worker','per:common:*',NULL,NULL,'身份证','433123198910173058',',,,',NULL,NULL,0,NULL,NULL,NULL,'中通五局',0,NULL,1530516042594,1,NULL,NULL,0),(1143,'秦旺',5,'worker','per:common:*',NULL,NULL,'身份证','433123198806023017',',,,',NULL,NULL,0,NULL,NULL,NULL,'中通五局',0,NULL,1530516042937,1,NULL,NULL,0),(1144,'李峰',5,'worker','per:common:*',NULL,NULL,'身份证','433123199502200314',',,,',NULL,NULL,0,NULL,NULL,NULL,'中通五局',0,NULL,1530516043270,1,NULL,NULL,0),(1145,'候生平',5,'worker','per:common:*',NULL,NULL,'身份证','433123196708140632',',,,',NULL,NULL,0,NULL,NULL,NULL,'中通五局',0,NULL,1530516043612,1,NULL,NULL,0),(1146,'候再寅',5,'worker','per:common:*',NULL,NULL,'身份证','433123199309020610',',,,',NULL,NULL,0,NULL,NULL,NULL,'中通五局',0,NULL,1530516043944,1,NULL,NULL,0),(1147,'李志平',5,'worker','per:common:*',NULL,NULL,'身份证','433123196909180331',',,,',NULL,NULL,0,NULL,NULL,NULL,'中通五局',0,NULL,1530516044285,1,NULL,NULL,0),(1148,'龙春合',5,'worker','per:common:*',NULL,NULL,'身份证','433123196803221211',',,,',NULL,NULL,0,NULL,NULL,NULL,'中通五局',0,NULL,1530516044615,1,NULL,NULL,0),(1149,'龙合辉',5,'worker','per:common:*',NULL,NULL,'身份证','43312319791221121X',',,,',NULL,NULL,0,NULL,NULL,NULL,'中通五局',0,NULL,1530516044973,1,NULL,NULL,0),(1150,'龙小林',5,'worker','per:common:*',NULL,NULL,'身份证','433123198207100615',',,,',NULL,NULL,0,NULL,NULL,NULL,'中通五局',0,NULL,1530516045303,1,NULL,NULL,0),(1151,'秦江华',5,'worker','per:common:*',NULL,NULL,'身份证','433123198408100312',',,,',NULL,NULL,0,NULL,NULL,NULL,'中通五局',0,NULL,1530516045645,1,NULL,NULL,0),(1152,'田茂智',5,'worker','per:common:*',NULL,NULL,'身份证','433123197106150619',',,,',NULL,NULL,0,NULL,NULL,NULL,'中通五局',0,NULL,1530516045997,1,NULL,NULL,0),(1153,'汪跃文',4,'worker_er','per:worker:*',NULL,NULL,'身份证','430802196212114418',',,,',NULL,NULL,1,NULL,NULL,NULL,'中通一局',0,NULL,1530516046348,1,NULL,NULL,0),(1154,'吴远兵',5,'worker','per:common:*',NULL,NULL,'身份证','430802197511122738',',,,',NULL,NULL,0,NULL,NULL,NULL,'中通一局',0,NULL,1530516046681,1,NULL,NULL,0),(1155,'梁英春',5,'worker','per:common:*',NULL,NULL,'身份证','430802197201256853',',,,',NULL,NULL,0,NULL,NULL,NULL,'中通一局',0,NULL,1530516047026,1,NULL,NULL,0),(1156,'谢昌武',5,'worker','per:common:*',NULL,NULL,'身份证','430822199001145379',',,,',NULL,NULL,0,NULL,NULL,NULL,'中通一局',0,NULL,1530516047361,1,NULL,NULL,0),(1157,'胡中武',5,'worker','per:common:*',NULL,NULL,'身份证','430822197906175055',',,,',NULL,NULL,0,NULL,NULL,NULL,'中通一局',0,NULL,1530516047699,1,NULL,NULL,0),(1158,'李树金',5,'worker','per:common:*',NULL,NULL,'身份证','433123196207040617',',,,',NULL,NULL,0,NULL,NULL,NULL,'中通一局',0,NULL,1530516048034,1,NULL,NULL,0),(1159,'隆长表',5,'worker','per:common:*',NULL,NULL,'身份证','433123195810150330',',,,',NULL,NULL,0,NULL,NULL,NULL,'中通一局',0,NULL,1530516048379,1,NULL,NULL,0),(1160,'麻贵金',5,'worker','per:common:*',NULL,NULL,'身份证','433123195906150319',',,,',NULL,NULL,0,NULL,NULL,NULL,'中通一局',0,NULL,1530516048714,1,NULL,NULL,0),(1161,'李生海',5,'worker','per:common:*',NULL,NULL,'身份证','433102196602213010',',,,',NULL,NULL,0,NULL,NULL,NULL,'中通一局',0,NULL,1530516049055,1,NULL,NULL,0),(1162,'覃代银',5,'worker','per:common:*',NULL,NULL,'身份证','430802198607236419',',,,',NULL,NULL,0,NULL,NULL,NULL,'中通一局',0,NULL,1530516049387,1,NULL,NULL,0),(1163,'杨坤',5,'worker','per:common:*',NULL,NULL,'身份证','430802198907266417',',,,',NULL,NULL,0,NULL,NULL,NULL,'中通一局',0,NULL,1530516049728,1,NULL,NULL,0),(1164,'覃基绍',5,'worker','per:common:*',NULL,NULL,'身份证','430802196305056413',',,,',NULL,NULL,0,NULL,NULL,NULL,'中通一局',0,NULL,1530516050062,1,NULL,NULL,0),(1165,'覃根',5,'worker','per:common:*',NULL,NULL,'身份证','430802199105036411',',,,',NULL,NULL,0,NULL,NULL,NULL,'中通一局',0,NULL,1530516050402,1,NULL,NULL,0),(1166,'张永献',5,'worker','per:common:*',NULL,NULL,'身份证','430802197007212734',',,,',NULL,NULL,0,NULL,NULL,NULL,'中通一局',0,NULL,1530516050737,1,NULL,NULL,0),(1167,'罗国辉',4,'worker_er','per:worker:*',NULL,NULL,'身份证','430802197609024415',',,,',NULL,NULL,1,NULL,NULL,NULL,'中通一局',0,NULL,1530516051080,1,NULL,NULL,0),(1168,'吴建国',5,'worker','per:common:*',NULL,NULL,'身份证','430802195810102711',',,,',NULL,NULL,0,NULL,NULL,NULL,'中通一局',0,NULL,1530516051413,1,NULL,NULL,0),(1169,'覃基才',5,'worker','per:common:*',NULL,NULL,'身份证','430802197906292715',',,,',NULL,NULL,0,NULL,NULL,NULL,'中通一局',0,NULL,1530516051759,1,NULL,NULL,0),(1170,'彭岩林',5,'worker','per:common:*',NULL,NULL,'身份证','433127199605031213',',,,',NULL,NULL,0,NULL,NULL,NULL,'中通一局',0,NULL,1530516052093,1,NULL,NULL,0),(1171,'罗秋元',5,'worker','per:common:*',NULL,NULL,'身份证','430802196907166839',',,,',NULL,NULL,0,NULL,NULL,NULL,'中通一局',0,NULL,1530516052441,1,NULL,NULL,0),(1172,'麻送生',5,'worker','per:common:*',NULL,NULL,'身份证','433123197102010635',',,,',NULL,NULL,0,NULL,NULL,NULL,'中通一局',0,NULL,1530516052773,1,NULL,NULL,0),(1173,'黄全海',5,'worker','per:common:*',NULL,NULL,'身份证','430802195404186817',',,,',NULL,NULL,0,NULL,NULL,NULL,'中通一局',0,NULL,1530516053115,1,NULL,NULL,0),(1174,'孙建国',5,'worker','per:common:*',NULL,NULL,'身份证','430802196507232710',',,,',NULL,NULL,0,NULL,NULL,NULL,'中通一局',0,NULL,1530516053452,1,NULL,NULL,0),(1175,'刘义',5,'worker','per:common:*',NULL,NULL,'身份证','412702195311181913',',,,',NULL,NULL,0,NULL,NULL,NULL,'中通一局',0,NULL,1530516053795,1,NULL,NULL,0),(1176,'黄安国',5,'worker','per:common:*',NULL,NULL,'身份证','430802196209226814',',,,',NULL,NULL,0,NULL,NULL,NULL,'中通一局',0,NULL,1530516054126,1,NULL,NULL,0),(1177,'吴先金',5,'worker','per:common:*',NULL,NULL,'身份证','433123199401077513',',,,',NULL,NULL,0,NULL,NULL,NULL,'深圳中兴',0,NULL,1530516054468,1,NULL,NULL,0),(1178,'龙义作',5,'worker','per:common:*',NULL,NULL,'身份证','433123197911157514',',,,',NULL,NULL,0,NULL,NULL,NULL,'深圳中兴',0,NULL,1530516054798,1,NULL,NULL,0),(1179,'易伟豪',5,'worker','per:common:*',NULL,NULL,'身份证','431281199802025252',',,,',NULL,NULL,0,NULL,NULL,NULL,'深圳中兴',0,NULL,1530516055141,1,NULL,NULL,0),(1180,'龙志宜',4,'worker_er','per:worker:*',NULL,NULL,'身份证','43312319881004753X',',,,',NULL,NULL,1,NULL,NULL,NULL,'深圳中兴',0,NULL,1530516055473,1,NULL,NULL,0),(1181,'候民富',5,'worker','per:common:*',NULL,NULL,'身份证','433123198808222714',',,,',NULL,NULL,0,NULL,NULL,NULL,'深圳中兴',0,NULL,1530516055820,1,NULL,NULL,0),(1182,'候杰',5,'worker','per:common:*',NULL,NULL,'身份证','433123199304052736',',,,',NULL,NULL,0,NULL,NULL,NULL,'深圳中兴',0,NULL,1530516056155,1,NULL,NULL,0),(1183,'滕喜斌',5,'worker','per:common:*',NULL,NULL,'身份证','43312319770525003X','{\"company\":\"华安保险\",\"order_num\":\"6051104060220180000081\",\"order_time\":\"2018.5.13至2019.5.12\",\"how_much\":\"1000000\"}',NULL,NULL,0,NULL,NULL,NULL,'润建通信',0,NULL,1530516056499,1,NULL,NULL,0),(1184,'龙骞',5,'worker','per:common:*',NULL,NULL,'身份证','433124199505126814','{\"company\":\"华安保险\",\"order_num\":\"6051104060220180000081\",\"order_time\":\"2018.5.13至2019.5.12\",\"how_much\":\"1000000\"}',NULL,NULL,0,NULL,NULL,NULL,'润建通信',0,NULL,1530516056831,1,NULL,NULL,0),(1185,'杨海欧',5,'worker','per:common:*',NULL,NULL,'身份证','433125197406079538','{\"company\":\"华安保险\",\"order_num\":\"6051104060220180000081\",\"order_time\":\"2018.5.13至2019.5.12\",\"how_much\":\"1000000\"}',NULL,NULL,0,NULL,NULL,NULL,'润建通信',0,NULL,1530516057184,1,NULL,NULL,0),(1186,'周纯',4,'worker_er','per:worker:*',NULL,NULL,'身份证','433124197211139047','{\"company\":\"华安保险\",\"order_num\":\"6051104060220180000081\",\"order_time\":\"2018.5.13至2019.5.12\",\"how_much\":\"1000000\"}',NULL,NULL,1,NULL,NULL,NULL,'润建通信',0,NULL,1530516057517,1,NULL,NULL,0),(1187,'田云华',5,'worker','per:common:*',NULL,NULL,'身份证','433123197609193039','{\"company\":\"华安保险\",\"order_num\":\"6051104060220180000081\",\"order_time\":\"2018.5.13至2019.5.12\",\"how_much\":\"1000000\"}',NULL,NULL,0,NULL,NULL,NULL,'润建通信',0,NULL,1530516057860,1,NULL,NULL,0),(1188,'杨胜荣',5,'worker','per:common:*',NULL,NULL,'身份证','433123197410020018','{\"company\":\"华安保险\",\"order_num\":\"6051104060220180000081\",\"order_time\":\"2018.5.13至2019.5.12\",\"how_much\":\"1000000\"}',NULL,NULL,0,NULL,NULL,NULL,'润建通信',0,NULL,1530516058193,1,NULL,NULL,0),(1189,'刘文华',5,'worker','per:common:*',NULL,NULL,'身份证','433123197809222113',',,,',NULL,NULL,0,NULL,NULL,NULL,'南京嘉环',0,NULL,1530516058531,1,1530516097872,1,0),(1190,'顾仁传',5,'worker','per:common:*',NULL,NULL,'身份证','433127197202281411',',,,',NULL,NULL,0,NULL,NULL,NULL,'中通二局',0,NULL,1530516058862,1,NULL,NULL,0),(1191,'王本真',5,'worker','per:common:*',NULL,NULL,'身份证','433127197104181417',',,,',NULL,NULL,0,NULL,NULL,NULL,'中通二局',0,NULL,1530516059204,1,NULL,NULL,0),(1192,'顾仁文',4,'worker_er','per:worker:*',NULL,NULL,'身份证','433127197403191412',',,,',NULL,NULL,1,NULL,NULL,NULL,'中通二局',0,NULL,1530516059537,1,NULL,NULL,0),(1193,'王本州',5,'worker','per:common:*',NULL,NULL,'身份证','433127196301041419',',,,',NULL,NULL,0,NULL,NULL,NULL,'中通二局',0,NULL,1530516059875,1,NULL,NULL,0),(1194,'彭文考',5,'worker','per:common:*',NULL,NULL,'身份证','433127195510011617',',,,',NULL,NULL,0,NULL,NULL,NULL,'中通二局',0,NULL,1530516060213,1,NULL,NULL,0),(1195,'蔡付武',5,'worker','per:common:*',NULL,NULL,'身份证','433127197206070339',',,,',NULL,NULL,0,NULL,NULL,NULL,'中通二局',0,NULL,1530516060559,1,NULL,NULL,0),(1196,'顾仁奎',5,'worker','per:common:*',NULL,NULL,'身份证','433127197710201414',',,,',NULL,NULL,0,NULL,NULL,NULL,'中通二局',0,NULL,1530516060888,1,NULL,NULL,0),(1197,'顾先海',5,'worker','per:common:*',NULL,NULL,'身份证','433127198101131419',',,,',NULL,NULL,0,NULL,NULL,NULL,'中通二局',0,NULL,1530516061228,1,NULL,NULL,0),(1198,'刘朝辉',5,'worker','per:common:*',NULL,NULL,'身份证','433127197001012012',',,,',NULL,NULL,0,NULL,NULL,NULL,'中通二局',0,NULL,1530516061562,1,NULL,NULL,0),(1199,'黄太奎',5,'worker','per:common:*',NULL,NULL,'身份证','433127197005181411',',,,',NULL,NULL,0,NULL,NULL,NULL,'中通二局',0,NULL,1530516061902,1,NULL,NULL,0),(1200,'黄太胜',5,'worker','per:common:*',NULL,NULL,'身份证','433127195710231411',',,,',NULL,NULL,0,NULL,NULL,NULL,'中通二局',0,NULL,1530516062234,1,NULL,NULL,0),(1201,'陈祖科',5,'worker','per:common:*',NULL,NULL,'身份证','433127195811151410',',,,',NULL,NULL,0,NULL,NULL,NULL,'中通二局',0,NULL,1530516062575,1,NULL,NULL,0),(1202,'向自全',5,'worker','per:common:*',NULL,NULL,'身份证','433127195808112015',',,,',NULL,NULL,0,NULL,NULL,NULL,'中通二局',0,NULL,1530516062912,1,NULL,NULL,0),(1203,'王承龙',5,'worker','per:common:*',NULL,NULL,'身份证','433127195412011410',',,,',NULL,NULL,0,NULL,NULL,NULL,'中通二局',0,NULL,1530516063249,1,NULL,NULL,0),(1204,'黄昌平',5,'worker','per:common:*',NULL,NULL,'身份证','433127198606042059',',,,',NULL,NULL,0,NULL,NULL,NULL,'中通二局',0,NULL,1530516063583,1,NULL,NULL,0),(1205,'顾先浩',5,'worker','per:common:*',NULL,NULL,'身份证','433127199807071432',',,,',NULL,NULL,0,NULL,NULL,NULL,'中通二局',0,NULL,1530516063925,1,NULL,NULL,0),(1206,'顾德生',5,'worker','per:common:*',NULL,NULL,'身份证','433127199002271410',',,,',NULL,NULL,0,NULL,NULL,NULL,'中通二局',0,NULL,1530516064257,1,NULL,NULL,0),(1207,'李丕心',5,'worker','per:common:*',NULL,NULL,'身份证','433127196310231417',',,,',NULL,NULL,0,NULL,NULL,NULL,'中通二局',0,NULL,1530516064599,1,NULL,NULL,0),(1208,'谢叶星',5,'worker','per:common:*',NULL,NULL,'身份证','433127199101151238',',,,',NULL,NULL,0,NULL,NULL,NULL,'中通二局',0,NULL,1530516064929,1,NULL,NULL,0),(1209,'顾仁超',4,'worker_er','per:worker:*',NULL,NULL,'身份证','433127197802121411',',,,',NULL,NULL,1,NULL,NULL,NULL,'中通二局',0,NULL,1530516065276,1,NULL,NULL,0),(1210,'彭秀海',5,'worker','per:common:*',NULL,NULL,'身份证','433127196907011417',',,,',NULL,NULL,0,NULL,NULL,NULL,'中通二局',0,NULL,1530516065609,1,NULL,NULL,0),(1211,'王本文',5,'worker','per:common:*',NULL,NULL,'身份证','433127197201231412',',,,',NULL,NULL,0,NULL,NULL,NULL,'中通二局',0,NULL,1530516065949,1,NULL,NULL,0),(1212,'王思尊',5,'worker','per:common:*',NULL,NULL,'身份证','433127198406251411',',,,',NULL,NULL,0,NULL,NULL,NULL,'中通二局',0,NULL,1530516066283,1,NULL,NULL,0),(1213,'顾先文',5,'worker','per:common:*',NULL,NULL,'身份证','433127196505021612',',,,',NULL,NULL,0,NULL,NULL,NULL,'中通二局',0,NULL,1530516066623,1,NULL,NULL,0),(1214,'杨选生',5,'worker','per:common:*',NULL,NULL,'身份证','433127197201011815',',,,',NULL,NULL,0,NULL,NULL,NULL,'中通二局',0,NULL,1530516066957,1,NULL,NULL,0),(1215,'张贵奇',5,'worker','per:common:*',NULL,NULL,'身份证','433127195904191411',',,,',NULL,NULL,0,NULL,NULL,NULL,'中通二局',0,NULL,1530516067300,1,NULL,NULL,0),(1216,'王本忠',5,'worker','per:common:*',NULL,NULL,'身份证','433127198110151438',',,,',NULL,NULL,0,NULL,NULL,NULL,'中通二局',0,NULL,1530516067637,1,NULL,NULL,0),(1217,'王君',5,'worker','per:common:*',NULL,NULL,'身份证','433127197104081416',',,,',NULL,NULL,0,NULL,NULL,NULL,'中通二局',0,NULL,1530516067979,1,NULL,NULL,0),(1218,'王家贵',5,'worker','per:common:*',NULL,NULL,'身份证','433127197102061411',',,,',NULL,NULL,0,NULL,NULL,NULL,'中通二局',0,NULL,1530516068311,1,NULL,NULL,0),(1219,'糜云华',5,'worker','per:common:*',NULL,NULL,'身份证','433127197411241213',',,,',NULL,NULL,0,NULL,NULL,NULL,'中通二局',0,NULL,1530516068650,1,NULL,NULL,0),(1220,'田万斌',5,'worker','per:common:*',NULL,NULL,'身份证','43312719710819141X',',,,',NULL,NULL,0,NULL,NULL,NULL,'中通二局',0,NULL,1530516068981,1,NULL,NULL,0),(1221,'顾仁顺',4,'worker_er','per:worker:*',NULL,NULL,'身份证','433127197708131410',',,,',NULL,NULL,1,NULL,NULL,NULL,'中通二局',0,NULL,1530516069321,1,NULL,NULL,0),(1222,'王耀坤',5,'worker','per:common:*',NULL,NULL,'身份证','43312519891105271X',',,,',NULL,NULL,0,NULL,NULL,NULL,'中通二局',0,NULL,1530516069653,1,NULL,NULL,0),(1223,'彭凡',5,'worker','per:common:*',NULL,NULL,'身份证','433125198904095113',',,,',NULL,NULL,0,NULL,NULL,NULL,'中通二局',0,NULL,1530516069994,1,NULL,NULL,0),(1224,'彭自文',5,'worker','per:common:*',NULL,NULL,'身份证','433125195812245117',',,,',NULL,NULL,0,NULL,NULL,NULL,'中通二局',0,NULL,1530516070326,1,NULL,NULL,0),(1225,'王显文',5,'worker','per:common:*',NULL,NULL,'身份证','433125196304112734',',,,',NULL,NULL,0,NULL,NULL,NULL,'中通二局',0,NULL,1530516070666,1,NULL,NULL,0),(1226,'王明环',5,'worker','per:common:*',NULL,NULL,'身份证','433125198610192735',',,,',NULL,NULL,0,NULL,NULL,NULL,'中通二局',0,NULL,1530516071000,1,NULL,NULL,0),(1227,'向静',5,'worker','per:common:*',NULL,NULL,'身份证','433125196412170018',',,,',NULL,NULL,0,NULL,NULL,NULL,'中通二局',0,NULL,1530516071349,1,NULL,NULL,0),(1228,'张世柱',5,'worker','per:common:*',NULL,NULL,'身份证','433125195810202711',',,,',NULL,NULL,0,NULL,NULL,NULL,'中通二局',0,NULL,1530516071679,1,NULL,NULL,0),(1229,'全选齐',4,'worker_er','per:worker:*',NULL,NULL,'身份证','433125198609294718',',,,',NULL,NULL,1,NULL,NULL,NULL,'中通二局',0,NULL,1530516072018,1,NULL,NULL,0),(1230,'龚宏付',5,'worker','per:common:*',NULL,NULL,'身份证','43313019581010491X',',,,',NULL,NULL,0,NULL,NULL,NULL,'中通二局',0,NULL,1530516072349,1,NULL,NULL,0),(1231,'喻天贵',5,'worker','per:common:*',NULL,NULL,'身份证','433127197304151239',',,,',NULL,NULL,0,NULL,NULL,NULL,'中通二局',0,NULL,1530516072686,1,NULL,NULL,0),(1232,'向太林',5,'worker','per:common:*',NULL,NULL,'身份证','433130196910164914',',,,',NULL,NULL,0,NULL,NULL,NULL,'中通二局',0,NULL,1530516073014,1,NULL,NULL,0),(1233,'向光林',5,'worker','per:common:*',NULL,NULL,'身份证','433130196012194919',',,,',NULL,NULL,0,NULL,NULL,NULL,'中通二局',0,NULL,1530516073354,1,NULL,NULL,0),(1234,'谢纪忠',5,'worker','per:common:*',NULL,NULL,'身份证','433127196808092231',',,,',NULL,NULL,0,NULL,NULL,NULL,'中通二局',0,NULL,1530516073681,1,NULL,NULL,0),(1235,'彭书云',5,'worker','per:common:*',NULL,NULL,'身份证','433130196205014910',',,,',NULL,NULL,0,NULL,NULL,NULL,'中通二局',0,NULL,1530516074017,1,NULL,NULL,0),(1236,'向兴成',4,'worker_er','per:worker:*',NULL,NULL,'身份证','433130198810194912',',,,',NULL,NULL,1,NULL,NULL,NULL,'中通二局',0,NULL,1530516074346,1,NULL,NULL,0),(1237,'兰仲炎',5,'worker','per:common:*',NULL,NULL,'身份证','433130195304290414',',,,',NULL,NULL,0,NULL,NULL,NULL,'中通二局',0,NULL,1530516074684,1,NULL,NULL,0),(1238,'兰家栋',5,'worker','per:common:*',NULL,NULL,'身份证','422825196412050839',',,,',NULL,NULL,0,NULL,NULL,NULL,'中通二局',0,NULL,1530516075015,1,NULL,NULL,0),(1239,'向理付',5,'worker','per:common:*',NULL,NULL,'身份证','433130195511178513',',,,',NULL,NULL,0,NULL,NULL,NULL,'中通二局',0,NULL,1530516075355,1,NULL,NULL,0),(1240,'吴成光',5,'worker','per:common:*',NULL,NULL,'身份证','433130196412172313',',,,',NULL,NULL,0,NULL,NULL,NULL,'中通二局',0,NULL,1530516075685,1,NULL,NULL,0),(1241,'喻天赐',5,'worker','per:common:*',NULL,NULL,'身份证','433127196810141215',',,,',NULL,NULL,0,NULL,NULL,NULL,'中通二局',0,NULL,1530516076023,1,NULL,NULL,0),(1242,'罗世福',5,'worker','per:common:*',NULL,NULL,'身份证','433127196603151218',',,,',NULL,NULL,0,NULL,NULL,NULL,'中通二局',0,NULL,1530516076356,1,NULL,NULL,0),(1243,'候中贵',5,'worker','per:common:*',NULL,NULL,'身份证','433127195611012010',',,,',NULL,NULL,0,NULL,NULL,NULL,'中通二局',0,NULL,1530516076697,1,NULL,NULL,0),(1244,'田宏富',5,'worker','per:common:*',NULL,NULL,'身份证','433127196803252013',',,,',NULL,NULL,0,NULL,NULL,NULL,'中通二局',0,NULL,1530516077026,1,NULL,NULL,0),(1245,'田志周',5,'worker','per:common:*',NULL,NULL,'身份证','433127195711202014',',,,',NULL,NULL,0,NULL,NULL,NULL,'中通二局',0,NULL,1530516077365,1,NULL,NULL,0),(1246,'喻天福',4,'worker_er','per:worker:*',NULL,NULL,'身份证','433127197111151216',',,,',NULL,NULL,1,NULL,NULL,NULL,'中通二局',0,NULL,1530516077696,1,NULL,NULL,0),(1247,'顾德强',5,'worker','per:common:*',NULL,NULL,'身份证','433127196608131419',',,,',NULL,NULL,0,NULL,NULL,NULL,'湖南华信通信息网络技术有限公司',0,NULL,1530516078038,1,1530516130664,1,0),(1248,'罗世万',5,'worker','per:common:*',NULL,NULL,'身份证','433127197411231437',',,,',NULL,NULL,0,NULL,NULL,NULL,'湖南华信通信息网络技术有限公司',0,NULL,1530516078364,1,1530516130862,1,0),(1249,'顾仁达',5,'worker','per:common:*',NULL,NULL,'身份证','433127195708201416',',,,',NULL,NULL,0,NULL,NULL,NULL,'湖南华信通信息网络技术有限公司',0,NULL,1530516078707,1,1530516131396,1,0),(1250,'栾正平',5,'worker','per:common:*',NULL,NULL,'身份证','433127196811051414',',,,',NULL,NULL,0,NULL,NULL,NULL,'湖南华信通信息网络技术有限公司',0,NULL,1530516079037,1,1530516131924,1,0),(1251,'顾远良',5,'worker','per:common:*',NULL,NULL,'身份证','43312719700725141X',',,,',NULL,NULL,0,NULL,NULL,NULL,'湖南华信通信息网络技术有限公司',0,NULL,1530516079376,1,1530516132124,1,0),(1252,'杨世忠',5,'worker','per:common:*',NULL,NULL,'身份证','433127196511231413',',,,',NULL,NULL,0,NULL,NULL,NULL,'湖南华信通信息网络技术有限公司',0,NULL,1530516079715,1,1530516132320,1,0),(1253,'顾大来',5,'worker','per:common:*',NULL,NULL,'身份证','433127198409261412',',,,',NULL,NULL,0,NULL,NULL,NULL,'湖南华信通信息网络技术有限公司',0,NULL,1530516080059,1,1530516132518,1,0),(1254,'肖际尧',4,'worker_er','per:worker:*',NULL,NULL,'身份证','433130198012200935','{\"company\":\"新华保险/中国人寿\",\"order_num\":\"887700313348/1145431700125098\",\"order_time\":\"2018.3.20至2019.3.19\",\"how_much\":\"1000000\"}',NULL,NULL,1,NULL,NULL,NULL,'天津电信',0,NULL,1530516080393,1,NULL,NULL,0),(1255,'肖运龙',5,'worker','per:common:*',NULL,NULL,'身份证','43313019800510091x','{\"company\":\"新华保险/中国人寿\",\"order_num\":\"887700313348/1145431700125098\",\"order_time\":\"2018.3.20至2019.3.19\",\"how_much\":\"1000000\"}',NULL,NULL,0,NULL,NULL,NULL,'天津电信',0,NULL,1530516080733,1,NULL,NULL,0),(1256,'肖运南',5,'worker','per:common:*',NULL,NULL,'身份证','43313019591026091x','{\"company\":\"新华保险/中国人寿\",\"order_num\":\"887700313348/1145431700125098\",\"order_time\":\"2018.3.20至2019.3.19\",\"how_much\":\"1000000\"}',NULL,NULL,0,NULL,NULL,NULL,'天津电信',0,NULL,1530516081064,1,NULL,NULL,0),(1257,'唐洪勇',5,'worker','per:common:*',NULL,NULL,'身份证','433130198010210734','{\"company\":\"新华保险/中国人寿\",\"order_num\":\"887700313348/1145431700125098\",\"order_time\":\"2018.3.20至2019.3.19\",\"how_much\":\"1000000\"}',NULL,NULL,0,NULL,NULL,NULL,'天津电信',0,NULL,1530516081402,1,NULL,NULL,0),(1258,'向天来',5,'worker','per:common:*',NULL,NULL,'身份证','433130197504190935','{\"company\":\"新华保险/中国人寿\",\"order_num\":\"887700313348/1145431700125098\",\"order_time\":\"2018.3.20至2019.3.19\",\"how_much\":\"1000000\"}',NULL,NULL,0,NULL,NULL,NULL,'天津电信',0,NULL,1530516081737,1,NULL,NULL,0),(1259,'姚旭',5,'worker','per:common:*',NULL,NULL,'身份证','43313019911023093x','{\"company\":\"新华保险/中国人寿\",\"order_num\":\"887700313348/1145431700125098\",\"order_time\":\"2018.3.20至2019.3.19\",\"how_much\":\"1000000\"}',NULL,NULL,0,NULL,NULL,NULL,'天津电信',0,NULL,1530516082078,1,NULL,NULL,0),(1260,'张军',4,'worker_er','per:worker:*',NULL,NULL,'身份证','433130197411220015','{\"company\":\"新华保险/中国人寿\",\"order_num\":\"887700313348/1145431700125098\",\"order_time\":\"2018.3.20至2019.3.19\",\"how_much\":\"1000000\"}',NULL,NULL,1,NULL,NULL,NULL,'天津电信',0,NULL,1530516082407,1,NULL,NULL,0),(1261,'张小进',5,'worker','per:common:*',NULL,NULL,'身份证','433130198304199518','{\"company\":\"新华保险/中国人寿\",\"order_num\":\"887700313348/1145431700125098\",\"order_time\":\"2018.3.20至2019.3.19\",\"how_much\":\"1000000\"}',NULL,NULL,0,NULL,NULL,NULL,'天津电信',0,NULL,1530516082747,1,NULL,NULL,0),(1262,'彭飞南',5,'worker','per:common:*',NULL,NULL,'身份证','433130199606104910',',,,',NULL,NULL,0,NULL,NULL,NULL,'湖南天辰',0,NULL,1530516083077,1,NULL,NULL,0),(1263,'彭东南',5,'worker','per:common:*',NULL,NULL,'身份证','433130199811124910',',,,',NULL,NULL,0,NULL,NULL,NULL,'湖南天辰',0,NULL,1530516083419,1,NULL,NULL,0),(1264,'周亮远',5,'worker','per:common:*',NULL,NULL,'身份证','433130198912184416',',,,',NULL,NULL,0,NULL,NULL,NULL,'湖南天辰',0,NULL,1530516083748,1,NULL,NULL,0),(1265,'张贤明',5,'worker','per:common:*',NULL,NULL,'身份证','433130199108034913',',,,',NULL,NULL,0,NULL,NULL,NULL,'湖南天辰',0,NULL,1530516084087,1,NULL,NULL,0),(1266,'王佑明',5,'worker','per:common:*',NULL,NULL,'身份证','433130199210104412',',,,',NULL,NULL,0,NULL,NULL,NULL,'湖南天辰',0,NULL,1530516084426,1,NULL,NULL,0),(1267,'石自彪',4,'worker_er','per:worker:*',NULL,NULL,'身份证','433101197601106537','{\"company\":\"中国人寿\",\"order_num\":\"1132431010756217\",\"order_time\":\"2018.3.21至2028.3.20\",\"how_much\":\"1000000\"}',NULL,NULL,1,NULL,NULL,NULL,'天津京信',0,NULL,1530516084763,1,NULL,NULL,0),(1268,'龙自顺',5,'worker','per:common:*',NULL,NULL,'身份证','433126198811015539','{\"company\":\"中国人寿\",\"order_num\":\"1144430049480416\",\"order_time\":\"2018.6.10至2018.6.9\",\"how_much\":\"3781600\"}',NULL,NULL,0,NULL,NULL,NULL,'天津京信',0,NULL,1530516085095,1,NULL,NULL,0),(1269,'杨珍忠',5,'worker','per:common:*',NULL,NULL,'身份证','433101196712214018','{\"company\":\"中国人寿\",\"order_num\":\"1144430049480478\",\"order_time\":\"2018.6.10至2018.6.9\",\"how_much\":\"3781600\"}',NULL,NULL,0,NULL,NULL,NULL,'天津京信',0,NULL,1530516085435,1,NULL,NULL,0),(1270,'施正华',5,'worker','per:common:*',NULL,NULL,'身份证','433101197110054015','{\"company\":\"中国人寿\",\"order_num\":\"1144430049480529\",\"order_time\":\"2018.6.10至2018.6.9\",\"how_much\":\"3781600\"}',NULL,NULL,0,NULL,NULL,NULL,'天津京信',0,NULL,1530516085765,1,NULL,NULL,0),(1271,'姚元武',5,'worker','per:common:*',NULL,NULL,'身份证','433101197708244075','{\"company\":\"中国人寿\",\"order_num\":\"1144430049480420\",\"order_time\":\"2018.6.10至2018.6.9\",\"how_much\":\"3781600\"}',NULL,NULL,0,NULL,NULL,NULL,'天津京信',0,NULL,1530516086104,1,NULL,NULL,0),(1272,'龙红雨',5,'worker','per:common:*',NULL,NULL,'身份证','433123199403198415','{\"company\":\"中国人寿\",\"order_num\":\"1144430049480441\",\"order_time\":\"2018.6.10至2018.6.9\",\"how_much\":\"3781600\"}',NULL,NULL,0,NULL,NULL,NULL,'天津京信',0,NULL,1530516086435,1,NULL,NULL,0),(1273,'郭中华',4,'worker_er','per:worker:*',NULL,NULL,'身份证','433126197504242016','{\"company\":\"新华保险/中国人寿\",\"order_num\":\"887700313348/1145431700125098\",\"order_time\":\"2018.3.20至2019.3.19\",\"how_much\":\"1000000\"}',NULL,NULL,1,NULL,NULL,NULL,'天津电信',0,NULL,1530516086776,1,NULL,NULL,0),(1274,'郭中俊',5,'worker','per:common:*',NULL,NULL,'身份证','433126196311132019','{\"company\":\"新华保险/中国人寿\",\"order_num\":\"887700313348/1145431700125098\",\"order_time\":\"2018.3.20至2019.3.19\",\"how_much\":\"1000000\"}',NULL,NULL,0,NULL,NULL,NULL,'天津电信',0,NULL,1530516087108,1,NULL,NULL,0),(1275,'黄绍龙',5,'worker','per:common:*',NULL,NULL,'身份证','433126196710152519','{\"company\":\"新华保险/中国人寿\",\"order_num\":\"887700313348/1145431700125098\",\"order_time\":\"2018.3.20至2019.3.19\",\"how_much\":\"1000000\"}',NULL,NULL,0,NULL,NULL,NULL,'天津电信',0,NULL,1530516087458,1,NULL,NULL,0),(1276,'林峰',5,'worker','per:common:*',NULL,NULL,'身份证','433126196708100015','{\"company\":\"新华保险/中国人寿\",\"order_num\":\"887700313348/1145431700125098\",\"order_time\":\"2018.3.20至2019.3.19\",\"how_much\":\"1000000\"}',NULL,NULL,0,NULL,NULL,NULL,'天津电信',0,NULL,1530516087792,1,NULL,NULL,0),(1277,'向明',4,'worker_er','per:worker:*',NULL,NULL,'身份证','433126196708180035','{\"company\":\"新华保险/中国人寿\",\"order_num\":\"887700313348/1145431700125098\",\"order_time\":\"2018.3.20至2019.3.19\",\"how_much\":\"1000000\"}',NULL,NULL,1,NULL,NULL,NULL,'天津电信',0,NULL,1530516088137,1,NULL,NULL,0),(1278,'陈安',5,'worker','per:common:*',NULL,NULL,'身份证','433126198404140033','{\"company\":\"新华保险/中国人寿\",\"order_num\":\"887700313348/1145431700125098\",\"order_time\":\"2018.3.20至2019.3.19\",\"how_much\":\"1000000\"}',NULL,NULL,0,NULL,NULL,NULL,'天津电信',0,NULL,1530516088470,1,NULL,NULL,0),(1279,'刘清辉',5,'worker','per:common:*',NULL,NULL,'身份证','433126196308296514','{\"company\":\"新华保险/中国人寿\",\"order_num\":\"887700313348/1145431700125098\",\"order_time\":\"2018.3.20至2019.3.19\",\"how_much\":\"1000000\"}',NULL,NULL,0,NULL,NULL,NULL,'天津电信',0,NULL,1530516088809,1,NULL,NULL,0),(1280,'田开春',5,'worker','per:common:*',NULL,NULL,'身份证','433126199007210514','{\"company\":\"华安保险\",\"order_num\":\"6051104060220180000081\",\"order_time\":\"2018.3.20至2019.3.19\",\"how_much\":\"1000000\"}',NULL,NULL,0,NULL,NULL,NULL,'中通二局/润建通信',0,NULL,1530516089142,1,NULL,NULL,0),(1281,'田莉理',5,'worker','per:common:*',NULL,NULL,'身份证','433126198810010517',',,,',NULL,NULL,0,NULL,NULL,NULL,'中通二局/润建通信',0,NULL,1530516089481,1,NULL,NULL,0),(1282,'彭晓锋',5,'worker','per:common:*',NULL,NULL,'身份证','433126197810240510','{\"company\":\"华安保险\",\"order_num\":\"6051104060220180000081\",\"order_time\":\"2018.3.20至2019.3.19\",\"how_much\":\"1000000\"}',NULL,NULL,0,NULL,NULL,NULL,'中通二局/润建通信',0,NULL,1530516089815,1,NULL,NULL,0),(1283,'彭图文',5,'worker','per:common:*',NULL,NULL,'身份证','433126198410240516','{\"company\":\"华安保险\",\"order_num\":\"6051104060220180000081\",\"order_time\":\"2018.3.20至2019.3.19\",\"how_much\":\"1000000\"}',NULL,NULL,0,NULL,NULL,NULL,'中通二局/润建通信',0,NULL,1530516090157,1,NULL,NULL,0),(1284,'彭继山',5,'worker','per:common:*',NULL,NULL,'身份证','433126198802210519','{\"company\":\"华安保险\",\"order_num\":\"6051104060220180000081\",\"order_time\":\"2018.3.20至2019.3.19\",\"how_much\":\"1000000\"}',NULL,NULL,0,NULL,NULL,NULL,'中通二局/润建通信',0,NULL,1530516090488,1,NULL,NULL,0),(1285,'田锋',5,'worker','per:common:*',NULL,NULL,'身份证','433126195010140512',',,,',NULL,NULL,0,NULL,NULL,NULL,'中通二局/润建通信',0,NULL,1530516090828,1,NULL,NULL,0),(1286,'彭云翠',5,'worker','per:common:*',NULL,NULL,'身份证','433126197402250525',',,,',NULL,NULL,0,NULL,NULL,NULL,'中通二局/润建通信',0,NULL,1530516091159,1,NULL,NULL,0),(1287,'李德忠',5,'worker','per:common:*',NULL,NULL,'身份证','433126197102070530',',,,',NULL,NULL,0,NULL,NULL,NULL,'中通二局/润建通信',0,NULL,1530516091497,1,NULL,NULL,0),(1288,'李德贵',5,'worker','per:common:*',NULL,NULL,'身份证','43312619610506051x',',,,',NULL,NULL,0,NULL,NULL,NULL,'中通二局/润建通信',0,NULL,1530516091828,1,NULL,NULL,0),(1289,'罗飞圣',5,'worker','per:common:*',NULL,NULL,'身份证','433127197608261218',',,,',NULL,NULL,0,NULL,NULL,NULL,'中通二局',0,NULL,1530516092173,1,NULL,NULL,0),(1290,'潘仁海',5,'worker','per:common:*',NULL,NULL,'身份证','433127198208132016',',,,',NULL,NULL,0,NULL,NULL,NULL,'中通二局',0,NULL,1530516092506,1,NULL,NULL,0),(1291,'罗之青',5,'worker','per:common:*',NULL,NULL,'身份证','433127197712241217',',,,',NULL,NULL,0,NULL,NULL,NULL,'中通二局',0,NULL,1530516092844,1,NULL,NULL,0),(1292,'潘仁忠',5,'worker','per:common:*',NULL,NULL,'身份证','433127197303032035',',,,',NULL,NULL,0,NULL,NULL,NULL,'中通二局',0,NULL,1530516093178,1,NULL,NULL,0),(1293,'梁贵其',4,'worker_er','per:worker:*',NULL,NULL,'身份证','433101196707026530',',,,',NULL,NULL,1,NULL,NULL,NULL,'湖南省通信建设有限公司',0,NULL,1530516093516,1,1530516121439,1,0),(1294,'梁爱民',5,'worker','per:common:*',NULL,NULL,'身份证','433101197507096539',',,,',NULL,NULL,0,NULL,NULL,NULL,'湖南天辰',0,NULL,1530516093852,1,NULL,NULL,0),(1295,'梁顺新',5,'worker','per:common:*',NULL,NULL,'身份证','433101197910106530',',,,',NULL,NULL,0,NULL,NULL,NULL,'湖南天辰',0,NULL,1530516094192,1,NULL,NULL,0),(1296,'张绍兵',5,'worker','per:common:*',NULL,NULL,'身份证','433101198106256516',',,,',NULL,NULL,0,NULL,NULL,NULL,'湖南天辰',0,NULL,1530516094524,1,NULL,NULL,0),(1297,'张少友',5,'worker','per:common:*',NULL,NULL,'身份证','433101198008195510',',,,',NULL,NULL,0,NULL,NULL,NULL,'湖南天辰',0,NULL,1530516094863,1,NULL,NULL,0),(1298,'彭善琴',5,'worker','per:common:*',NULL,NULL,'身份证','433126198106080511',',,,',NULL,NULL,0,NULL,NULL,NULL,'润建通信',0,NULL,1530516098068,1,1530516146500,1,0),(1299,'杨绪会',5,'worker','per:common:*',NULL,NULL,'身份证','433126197012291022',',,,',NULL,NULL,0,NULL,NULL,NULL,'润建通信',0,NULL,1530516098410,1,1530516147591,1,0),(1300,'向功德',5,'worker','per:common:*',NULL,NULL,'身份证','433126197103161012',',,,',NULL,NULL,0,NULL,NULL,NULL,'润建通信',0,NULL,1530516098748,1,1530516147388,1,0),(1301,'龙军',5,'worker','per:common:*',NULL,NULL,'身份证','433101197405208018',',,,',NULL,NULL,0,NULL,NULL,NULL,'南京嘉环',0,NULL,1530516099109,1,NULL,NULL,0),(1302,'向云',5,'worker','per:common:*',NULL,NULL,'身份证','433126197801301019',',,,',NULL,NULL,0,NULL,NULL,NULL,'南京嘉环',0,NULL,1530516099453,1,NULL,NULL,0),(1303,'邹鑫',5,'worker','per:common:*',NULL,NULL,'身份证','433101197208240019',',,,',NULL,NULL,0,NULL,NULL,NULL,'南京嘉环',0,NULL,1530516099811,1,NULL,NULL,0),(1304,'滕静',5,'worker','per:common:*',NULL,NULL,'身份证','433123199505303618',',,,',NULL,NULL,0,NULL,NULL,NULL,'中通二局（线路）',0,NULL,1530516100169,1,NULL,NULL,0),(1305,'符民书',5,'worker','per:common:*',NULL,NULL,'身份证','433122196205024051',',,,',NULL,NULL,0,NULL,NULL,NULL,'中通二局（线路）',0,NULL,1530516100522,1,NULL,NULL,0),(1306,'罗建军',5,'worker','per:common:*',NULL,NULL,'身份证','433122197406186537',',,,',NULL,NULL,0,NULL,NULL,NULL,'中通二局（线路）',0,NULL,1530516100879,1,NULL,NULL,0),(1307,'李景泉',5,'worker','per:common:*',NULL,NULL,'身份证','433122196502144017',',,,',NULL,NULL,0,NULL,NULL,NULL,'中通二局（线路）',0,NULL,1530516101239,1,NULL,NULL,0),(1308,'李宁鹏',4,'worker_er','per:worker:*',NULL,NULL,'身份证','433122197406084039',',,,',NULL,NULL,1,NULL,NULL,NULL,'中通二局（线路）',0,NULL,1530516101582,1,NULL,NULL,0),(1309,'李先明',4,'worker_er','per:worker:*',NULL,NULL,'身份证','433122198208294013','{\"company\":\"新华保险/中国人寿\",\"order_num\":\"887700313348/1145431700125098\",\"order_time\":\"2018.3.20至2019.3.19\",\"how_much\":\"1000000\"}',NULL,NULL,1,NULL,NULL,NULL,'天津电信',0,NULL,1530516101941,1,NULL,NULL,0),(1310,'罗其华',5,'worker','per:common:*',NULL,NULL,'身份证','433122198505254018','{\"company\":\"新华保险/中国人寿\",\"order_num\":\"887700313348/1145431700125098\",\"order_time\":\"2018.3.20至2019.3.19\",\"how_much\":\"1000000\"}',NULL,NULL,0,NULL,NULL,NULL,'天津电信',0,NULL,1530516102277,1,NULL,NULL,0),(1311,'秧华忠',5,'worker','per:common:*',NULL,NULL,'身份证','433101198007072519','{\"company\":\"新华保险/中国人寿\",\"order_num\":\"887700313348/1145431700125098\",\"order_time\":\"2018.3.20至2019.3.19\",\"how_much\":\"1000000\"}',NULL,NULL,0,NULL,NULL,NULL,'天津电信',0,NULL,1530516102633,1,NULL,NULL,0),(1312,'李景军',5,'worker','per:common:*',NULL,NULL,'身份证','433122198907164015','{\"company\":\"新华保险/中国人寿\",\"order_num\":\"887700313348/1145431700125098\",\"order_time\":\"2018.3.20至2019.3.19\",\"how_much\":\"1000000\"}',NULL,NULL,0,NULL,NULL,NULL,'天津电信',0,NULL,1530516102986,1,NULL,NULL,0),(1313,'陈志敏',5,'worker','per:common:*',NULL,NULL,'身份证','430624198202275919','{\"company\":\"新华保险/中国人寿\",\"order_num\":\"887700313348/1145431700125098\",\"order_time\":\"2018.3.20至2019.3.19\",\"how_much\":\"1000000\"}',NULL,NULL,0,NULL,NULL,NULL,'天津电信',0,NULL,1530516103342,1,NULL,NULL,0),(1314,'陈正华',5,'worker','per:common:*',NULL,NULL,'身份证','430903199004223615','{\"company\":\"新华保险/中国人寿\",\"order_num\":\"887700313348/1145431700125098\",\"order_time\":\"2018.3.20至2019.3.19\",\"how_much\":\"1000000\"}',NULL,NULL,0,NULL,NULL,NULL,'天津电信',0,NULL,1530516103685,1,NULL,NULL,0),(1315,'彭明山',5,'worker','per:common:*',NULL,NULL,'身份证','433124196302274514','{\"company\":\"新华保险/中国人寿\",\"order_num\":\"887700313348/1145431700125098\",\"order_time\":\"2018.3.20至2019.3.19\",\"how_much\":\"1000000\"}',NULL,NULL,0,NULL,NULL,NULL,'天津电信',0,NULL,1530516104149,1,NULL,NULL,0),(1316,'彭志远',5,'worker','per:common:*',NULL,NULL,'身份证','43312419721226451X','{\"company\":\"新华保险/中国人寿\",\"order_num\":\"887700313348/1145431700125098\",\"order_time\":\"2018.3.20至2019.3.19\",\"how_much\":\"1000000\"}',NULL,NULL,0,NULL,NULL,NULL,'天津电信',0,NULL,1530516104505,1,NULL,NULL,0),(1317,'石桃英',5,'worker','per:common:*',NULL,NULL,'身份证','433124197104245821','{\"company\":\"新华保险/中国人寿\",\"order_num\":\"887700313348/1145431700125098\",\"order_time\":\"2018.3.20至2019.3.19\",\"how_much\":\"1000000\"}',NULL,NULL,0,NULL,NULL,NULL,'天津电信',0,NULL,1530516104877,1,NULL,NULL,0),(1318,'王发龙',5,'worker','per:common:*',NULL,NULL,'身份证','433124198801184512','{\"company\":\"新华保险/中国人寿\",\"order_num\":\"887700313348/1145431700125098\",\"order_time\":\"2018.3.20至2019.3.19\",\"how_much\":\"1000000\"}',NULL,NULL,0,NULL,NULL,NULL,'天津电信',0,NULL,1530516105302,1,NULL,NULL,0),(1319,'梁成',5,'worker','per:common:*',NULL,NULL,'身份证','433101199007126518','{\"company\":\"新华保险/中国人寿\",\"order_num\":\"887700313348/1145431700125098\",\"order_time\":\"2018.3.20至2019.3.19\",\"how_much\":\"1000000\"}',NULL,NULL,0,NULL,NULL,NULL,'天津电信',0,NULL,1530516105647,1,NULL,NULL,0),(1320,'梁旭东',4,'worker_er','per:worker:*',NULL,NULL,'身份证','433101197306066536','{\"company\":\"新华保险/中国人寿\",\"order_num\":\"887700313348/1145431700125098\",\"order_time\":\"2018.3.20至2019.3.19\",\"how_much\":\"1000000\"}',NULL,NULL,1,NULL,NULL,NULL,'天津电信',0,NULL,1530516105990,1,NULL,NULL,0),(1321,'陈开雨',5,'worker','per:common:*',NULL,NULL,'身份证','433101199208106513','{\"company\":\"新华保险/中国人寿\",\"order_num\":\"887700313348/1145431700125098\",\"order_time\":\"2018.3.20至2019.3.19\",\"how_much\":\"1000000\"}',NULL,NULL,0,NULL,NULL,NULL,'天津电信',0,NULL,1530516106346,1,NULL,NULL,0),(1322,'张明海',5,'worker','per:common:*',NULL,NULL,'身份证','433101197109205015','{\"company\":\"新华保险/中国人寿\",\"order_num\":\"887700313348/1145431700125098\",\"order_time\":\"2018.3.20至2019.3.19\",\"how_much\":\"1000000\"}',NULL,NULL,0,NULL,NULL,NULL,'天津电信',0,NULL,1530516106689,1,NULL,NULL,0),(1323,'陈志忠',5,'worker','per:common:*',NULL,NULL,'身份证','433101198504106513','{\"company\":\"新华保险/中国人寿\",\"order_num\":\"887700313348/1145431700125098\",\"order_time\":\"2018.3.20至2019.3.19\",\"how_much\":\"1000000\"}',NULL,NULL,0,NULL,NULL,NULL,'天津电信',0,NULL,1530516107045,1,NULL,NULL,0),(1324,'梁海军',5,'worker','per:common:*',NULL,NULL,'身份证','433101198804176513','{\"company\":\"新华保险/中国人寿\",\"order_num\":\"887700313348/1145431700125098\",\"order_time\":\"2018.3.20至2019.3.19\",\"how_much\":\"1000000\"}',NULL,NULL,0,NULL,NULL,NULL,'天津电信',0,NULL,1530516107385,1,NULL,NULL,0),(1325,'隆师傅',5,'worker','per:common:*',NULL,NULL,'身份证','433124197308030515',',,,',NULL,NULL,0,NULL,NULL,NULL,'中通二局（室分）',0,NULL,1530516107725,1,NULL,NULL,0),(1326,'张顺华',5,'worker','per:common:*',NULL,NULL,'身份证','433101198607192039',',,,',NULL,NULL,0,NULL,NULL,NULL,'中通二局（室分）',0,NULL,1530516108059,1,NULL,NULL,0),(1327,'施顺爱',5,'worker','per:common:*',NULL,NULL,'身份证','433125199209187934',',,,',NULL,NULL,0,NULL,NULL,NULL,'中通二局（室分）',0,NULL,1530516108403,1,NULL,NULL,0),(1328,'杨在平',5,'worker','per:common:*',NULL,NULL,'身份证','433101198512282031',',,,',NULL,NULL,0,NULL,NULL,NULL,'中通二局（室分）',0,NULL,1530516108735,1,NULL,NULL,0),(1329,'石建军',5,'worker','per:common:*',NULL,NULL,'身份证','433101199110022039',',,,',NULL,NULL,0,NULL,NULL,NULL,'中通二局（室分）',0,NULL,1530516109081,1,NULL,NULL,0),(1330,'王艳军',4,'worker_er','per:worker:*',NULL,NULL,'身份证','43060219840608557X',',,,',NULL,NULL,1,NULL,NULL,NULL,'中通二局（室分）',0,NULL,1530516109411,1,NULL,NULL,0),(1331,'贾海',4,'worker_er','per:worker:*',NULL,NULL,'身份证','433125198409212714','{\"company\":\"华安保险\",\"order_num\":\"6051104060220180000081\",\"order_time\":\"2018.5.13至2019.5.12\",\"how_much\":\"1000000\"}',NULL,NULL,1,NULL,NULL,NULL,'润建通信股份有限公司',0,NULL,1530516109762,1,NULL,NULL,0),(1332,'龙胜民',5,'worker','per:common:*',NULL,NULL,'身份证','433124196506196319','{\"company\":\"华安保险\",\"order_num\":\"6051104060220180000081\",\"order_time\":\"2018.5.13至2019.5.12\",\"how_much\":\"1000000\"}',NULL,NULL,0,NULL,NULL,NULL,'润建通信股份有限公司',0,NULL,1530516110096,1,NULL,NULL,0),(1333,'左文涛',5,'worker','per:common:*',NULL,NULL,'身份证','433125197905170010','{\"company\":\"华安保险\",\"order_num\":\"6051104060220180000081\",\"order_time\":\"2018.5.13至2019.5.12\",\"how_much\":\"1000000\"}',NULL,NULL,0,NULL,NULL,NULL,'润建通信股份有限公司',0,NULL,1530516110436,1,NULL,NULL,0),(1334,'吴春华',5,'worker','per:common:*',NULL,NULL,'身份证','433124199504205836','{\"company\":\"华安保险\",\"order_num\":\"6051104060220180000081\",\"order_time\":\"2018.5.13至2019.5.12\",\"how_much\":\"1000000\"}',NULL,NULL,0,NULL,NULL,NULL,'润建通信股份有限公司',0,NULL,1530516110768,1,NULL,NULL,0),(1335,'吴绍兵',5,'worker','per:common:*',NULL,NULL,'身份证','433124196710105816','{\"company\":\"华安保险\",\"order_num\":\"6051104060220180000081\",\"order_time\":\"2018.5.13至2019.5.12\",\"how_much\":\"1000000\"}',NULL,NULL,0,NULL,NULL,NULL,'润建通信股份有限公司',0,NULL,1530516111106,1,NULL,NULL,0),(1336,'吴安荣',5,'worker','per:common:*',NULL,NULL,'身份证','433124197109105414','{\"company\":\"华安保险\",\"order_num\":\"6051104060220180000081\",\"order_time\":\"2018.5.13至2019.5.12\",\"how_much\":\"1000000\"}',NULL,NULL,0,NULL,NULL,NULL,'润建通信股份有限公司',0,NULL,1530516111434,1,NULL,NULL,0),(1337,'石邦文',5,'worker','per:common:*',NULL,NULL,'身份证','433124197512263017','{\"company\":\"华安保险\",\"order_num\":\"6051104060220180000081\",\"order_time\":\"2018.5.13至2019.5.12\",\"how_much\":\"1000000\"}',NULL,NULL,0,NULL,NULL,NULL,'润建通信股份有限公司',0,NULL,1530516111772,1,NULL,NULL,0),(1338,'吴绍成',5,'worker','per:common:*',NULL,NULL,'身份证','433124196304283019','{\"company\":\"华安保险\",\"order_num\":\"6051104060220180000081\",\"order_time\":\"2018.5.13至2019.5.12\",\"how_much\":\"1000000\"}',NULL,NULL,0,NULL,NULL,NULL,'润建通信股份有限公司',0,NULL,1530516112103,1,NULL,NULL,0),(1339,'龙明辉',5,'worker','per:common:*',NULL,NULL,'身份证','433124197601063615','{\"company\":\"华安保险\",\"order_num\":\"6051104060220180000081\",\"order_time\":\"2018.5.13至2019.5.12\",\"how_much\":\"1000000\"}',NULL,NULL,0,NULL,NULL,NULL,'润建通信股份有限公司',0,NULL,1530516112442,1,NULL,NULL,0),(1340,'杨生',5,'worker','per:common:*',NULL,NULL,'身份证','433124198205155416','{\"company\":\"华安保险\",\"order_num\":\"6051104060220180000081\",\"order_time\":\"2018.5.13至2019.5.12\",\"how_much\":\"1000000\"}',NULL,NULL,0,NULL,NULL,NULL,'润建通信股份有限公司',0,NULL,1530516112772,1,NULL,NULL,0),(1341,'龙胜江',5,'worker','per:common:*',NULL,NULL,'身份证','433124199112136333','{\"company\":\"华安保险\",\"order_num\":\"6051104060220180000081\",\"order_time\":\"2018.5.13至2019.5.12\",\"how_much\":\"1000000\"}',NULL,NULL,0,NULL,NULL,NULL,'润建通信股份有限公司',0,NULL,1530516113115,1,NULL,NULL,0),(1342,'杨胜长',5,'worker','per:common:*',NULL,NULL,'身份证','433124198412115417','{\"company\":\"华安保险\",\"order_num\":\"6051104060220180000081\",\"order_time\":\"2018.5.13至2019.5.12\",\"how_much\":\"1000000\"}',NULL,NULL,0,NULL,NULL,NULL,'润建通信股份有限公司',0,NULL,1530516113465,1,NULL,NULL,0),(1343,'杨胜贤',5,'worker','per:common:*',NULL,NULL,'身份证','433124196705175414','{\"company\":\"华安保险\",\"order_num\":\"6051104060220180000081\",\"order_time\":\"2018.5.13至2019.5.12\",\"how_much\":\"1000000\"}',NULL,NULL,0,NULL,NULL,NULL,'润建通信股份有限公司',0,NULL,1530516113806,1,NULL,NULL,0),(1344,'麻玉平',5,'worker','per:common:*',NULL,NULL,'身份证','433124196801195415','{\"company\":\"华安保险\",\"order_num\":\"6051104060220180000081\",\"order_time\":\"2018.5.13至2019.5.12\",\"how_much\":\"1000000\"}',NULL,NULL,0,NULL,NULL,NULL,'润建通信股份有限公司',0,NULL,1530516114136,1,NULL,NULL,0),(1345,'黄文芳',5,'worker','per:common:*',NULL,NULL,'身份证','433124196604013010','{\"company\":\"华安保险\",\"order_num\":\"6051104060220180000081\",\"order_time\":\"2018.5.13至2019.5.12\",\"how_much\":\"1000000\"}',NULL,NULL,0,NULL,NULL,NULL,'润建通信股份有限公司',0,NULL,1530516114476,1,NULL,NULL,0),(1346,'黄延文',5,'worker','per:common:*',NULL,NULL,'身份证','43312419671217361X','{\"company\":\"华安保险\",\"order_num\":\"6051104060220180000081\",\"order_time\":\"2018.5.13至2019.5.12\",\"how_much\":\"1000000\"}',NULL,NULL,0,NULL,NULL,NULL,'润建通信股份有限公司',0,NULL,1530516114808,1,NULL,NULL,0),(1347,'贾光生',5,'worker','per:common:*',NULL,NULL,'身份证','433125196401121317','{\"company\":\"华安保险\",\"order_num\":\"6051104060220180000081\",\"order_time\":\"2018.5.13至2019.5.12\",\"how_much\":\"1000000\"}',NULL,NULL,0,NULL,NULL,NULL,'润建通信股份有限公司',0,NULL,1530516115149,1,NULL,NULL,0),(1348,'向陆清',5,'worker','per:common:*',NULL,NULL,'身份证','433125197506169135','{\"company\":\"华安保险\",\"order_num\":\"6051104060220180000081\",\"order_time\":\"2018.5.13至2019.5.12\",\"how_much\":\"1000000\"}',NULL,NULL,0,NULL,NULL,NULL,'润建通信股份有限公司',0,NULL,1530516115476,1,NULL,NULL,0),(1349,'吴万顺',5,'worker','per:common:*',NULL,NULL,'身份证','43310119800601603X','{\"company\":\"华安保险\",\"order_num\":\"6051104060220180000081\",\"order_time\":\"2018.5.13至2019.5.12\",\"how_much\":\"1000000\"}',NULL,NULL,0,NULL,NULL,NULL,'润建通信股份有限公司',0,NULL,1530516115821,1,NULL,NULL,0),(1350,'田官俊',5,'worker','per:common:*',NULL,NULL,'身份证','433125196611210019','{\"company\":\"华安保险\",\"order_num\":\"6051104060220180000081\",\"order_time\":\"2018.5.13至2019.5.12\",\"how_much\":\"1000000\"}',NULL,NULL,0,NULL,NULL,NULL,'润建通信股份有限公司',0,NULL,1530516116151,1,NULL,NULL,0),(1351,'石明金',5,'worker','per:common:*',NULL,NULL,'身份证','433124197910185413','{\"company\":\"华安保险\",\"order_num\":\"6051104060220180000081\",\"order_time\":\"2018.5.13至2019.5.12\",\"how_much\":\"1000000\"}',NULL,NULL,0,NULL,NULL,NULL,'润建通信股份有限公司',0,NULL,1530516116509,1,NULL,NULL,0),(1352,'田茂江',5,'worker','per:common:*',NULL,NULL,'身份证','433124197510045411','{\"company\":\"华安保险\",\"order_num\":\"6051104060220180000081\",\"order_time\":\"2018.5.13至2019.5.12\",\"how_much\":\"1000000\"}',NULL,NULL,0,NULL,NULL,NULL,'润建通信股份有限公司',0,NULL,1530516116838,1,NULL,NULL,0),(1353,'吴志芳',5,'worker','per:common:*',NULL,NULL,'身份证','433101197508140634','{\"company\":\"华安保险\",\"order_num\":\"6051104060220180000081\",\"order_time\":\"2018.5.13至2019.5.12\",\"how_much\":\"1000000\"}',NULL,NULL,0,NULL,NULL,NULL,'润建通信股份有限公司',0,NULL,1530516117180,1,NULL,NULL,0),(1354,'龙显勇',5,'worker','per:common:*',NULL,NULL,'身份证','433125197905248316','{\"company\":\"华安保险\",\"order_num\":\"6051104060220180000081\",\"order_time\":\"2018.5.13至2019.5.12\",\"how_much\":\"1000000\"}',NULL,NULL,0,NULL,NULL,NULL,'润建通信股份有限公司',0,NULL,1530516117514,1,NULL,NULL,0),(1355,'杨金海',5,'worker','per:common:*',NULL,NULL,'身份证','433127196402094616',',,,',NULL,NULL,0,NULL,NULL,NULL,'湖南省通信建设有限公司',0,NULL,1530516117856,1,NULL,NULL,0),(1356,'刘建文',5,'worker','per:common:*',NULL,NULL,'身份证','43312719670608461X',',,,',NULL,NULL,0,NULL,NULL,NULL,'湖南省通信建设有限公司',0,NULL,1530516118269,1,NULL,NULL,0),(1357,'杨波',5,'worker','per:common:*',NULL,NULL,'身份证','433127197704214614',',,,',NULL,NULL,0,NULL,NULL,NULL,'湖南省通信建设有限公司',0,NULL,1530516118684,1,NULL,NULL,0),(1358,'潘启忠',5,'worker','per:common:*',NULL,NULL,'身份证','433127197002154610',',,,',NULL,NULL,0,NULL,NULL,NULL,'湖南省通信建设有限公司',0,NULL,1530516119014,1,NULL,NULL,0),(1359,'汪德兴',5,'worker','per:common:*',NULL,NULL,'身份证','433127196407154219',',,,',NULL,NULL,0,NULL,NULL,NULL,'湖南省通信建设有限公司',0,NULL,1530516119349,1,NULL,NULL,0),(1360,'李坤',5,'worker','per:common:*',NULL,NULL,'身份证','433127199112244210',',,,',NULL,NULL,0,NULL,NULL,NULL,'湖南省通信建设有限公司',0,NULL,1530516119680,1,NULL,NULL,0),(1361,'金业兴',5,'worker','per:common:*',NULL,NULL,'身份证','433127196003034616',',,,',NULL,NULL,0,NULL,NULL,NULL,'湖南省通信建设有限公司',0,NULL,1530516120017,1,NULL,NULL,0),(1362,'曹安明',5,'worker','per:common:*',NULL,NULL,'身份证','433127197601154615',',,,',NULL,NULL,0,NULL,NULL,NULL,'湖南省通信建设有限公司',0,NULL,1530516120344,1,NULL,NULL,0),(1363,'陈民爱',5,'worker','per:common:*',NULL,NULL,'身份证','433122195505086014',',,,',NULL,NULL,0,NULL,NULL,NULL,'湖南省通信建设有限公司',0,NULL,1530516120685,1,NULL,NULL,0),(1364,'陈世生',5,'worker','per:common:*',NULL,NULL,'身份证','43310119771209257X',',,,',NULL,NULL,0,NULL,NULL,NULL,'湖南省通信建设有限公司',0,NULL,1530516121013,1,NULL,NULL,0),(1365,'向兴平',5,'worker','per:common:*',NULL,NULL,'身份证','43312519920121511X',',,,',NULL,NULL,0,NULL,NULL,NULL,'湖南省通信建设有限公司',0,NULL,1530516121719,1,NULL,NULL,0),(1366,'王德强',4,'worker_er','per:worker:*',NULL,NULL,'身份证','43312519801106351X',',,,',NULL,NULL,1,NULL,NULL,NULL,'湖南省通信建设有限公司',0,NULL,1530516122115,1,NULL,NULL,0),(1367,'张鹏',5,'worker','per:common:*',NULL,NULL,'身份证','43312519921025273X',',,,',NULL,NULL,0,NULL,NULL,NULL,'湖南省通信建设有限公司',0,NULL,1530516122459,1,NULL,NULL,0),(1368,'张磊',5,'worker','per:common:*',NULL,NULL,'身份证','433125199201112719',',,,',NULL,NULL,0,NULL,NULL,NULL,'湖南省通信建设有限公司',0,NULL,1530516122850,1,NULL,NULL,0),(1369,'张世彪',5,'worker','per:common:*',NULL,NULL,'身份证','433125198605162718',',,,',NULL,NULL,0,NULL,NULL,NULL,'湖南省通信建设有限公司',0,NULL,1530516123513,1,NULL,NULL,0),(1370,'张太堂',5,'worker','per:common:*',NULL,NULL,'身份证','433125197210192715',',,,',NULL,NULL,0,NULL,NULL,NULL,'湖南省通信建设有限公司',0,NULL,1530516123867,1,NULL,NULL,0),(1371,'张雄',5,'worker','per:common:*',NULL,NULL,'身份证','433125198212268757',',,,',NULL,NULL,0,NULL,NULL,NULL,'湖南省通信建设有限公司',0,NULL,1530516124345,1,NULL,NULL,0),(1372,'向家勇',5,'worker','per:common:*',NULL,NULL,'身份证','433125199001302710',',,,',NULL,NULL,0,NULL,NULL,NULL,'湖南省通信建设有限公司',0,NULL,1530516124857,1,NULL,NULL,0),(1373,'张世力',5,'worker','per:common:*',NULL,NULL,'身份证','433125198411052713',',,,',NULL,NULL,0,NULL,NULL,NULL,'湖南省通信建设有限公司',0,NULL,1530516125244,1,NULL,NULL,0),(1374,'张继军',5,'worker','per:common:*',NULL,NULL,'身份证','43312519870803273X',',,,',NULL,NULL,0,NULL,NULL,NULL,'湖南省通信建设有限公司',0,NULL,1530516126368,1,NULL,NULL,0),(1375,'熊长先',5,'worker','per:common:*',NULL,NULL,'身份证','433125196510065510',',,,',NULL,NULL,0,NULL,NULL,NULL,'湖南省通信建设有限公司',0,NULL,1530516126751,1,NULL,NULL,0),(1376,'王凯',5,'worker','per:common:*',NULL,NULL,'身份证','43312519931103271X',',,,',NULL,NULL,0,NULL,NULL,NULL,'湖南省通信建设有限公司',0,NULL,1530516127664,1,NULL,NULL,0),(1377,'吴金旺',5,'worker','per:common:*',NULL,NULL,'身份证','43312419881001091X',',,,',NULL,NULL,0,NULL,NULL,NULL,'湖南省通信建设有限公司',0,NULL,1530516128010,1,NULL,NULL,0),(1378,'王明坤',5,'worker','per:common:*',NULL,NULL,'身份证','433125199009172770',',,,',NULL,NULL,0,NULL,NULL,NULL,'湖南省通信建设有限公司',0,NULL,1530516128343,1,NULL,NULL,0),(1379,'陈明禄',5,'worker','per:common:*',NULL,NULL,'身份证','433101195708028058',',,,',NULL,NULL,0,NULL,NULL,NULL,'湖南省通信建设有限公司',0,NULL,1530516128750,1,NULL,NULL,0),(1380,'李精',5,'worker','per:common:*',NULL,NULL,'身份证','433125199302092710',',,,',NULL,NULL,0,NULL,NULL,NULL,'湖南省通信建设有限公司',0,NULL,1530516129321,1,NULL,NULL,0),(1381,'杨液',5,'worker','per:common:*',NULL,NULL,'身份证','433124198107175835',',,,',NULL,NULL,0,NULL,NULL,NULL,'湖南省通信建设有限公司',0,NULL,1530516129658,1,NULL,NULL,0),(1382,'龙金林',4,'worker_er','per:worker:*',NULL,NULL,'身份证','433101196603050536',',,,',NULL,NULL,1,NULL,NULL,NULL,'湖南省通信建设有限公司',0,NULL,1530516129993,1,NULL,NULL,0),(1383,'龙玉平',5,'worker','per:common:*',NULL,NULL,'身份证','43310119910108051X',',,,',NULL,NULL,0,NULL,NULL,NULL,'湖南省通信建设有限公司',0,NULL,1530516130333,1,NULL,NULL,0),(1384,'顾世奇',5,'worker','per:common:*',NULL,NULL,'身份证','433127199201161417',',,,',NULL,NULL,0,NULL,NULL,NULL,'湖南华信通信息网络技术有限公司',0,NULL,1530516131058,1,NULL,NULL,0),(1385,'马达',5,'worker','per:common:*',NULL,NULL,'身份证','433127196310220013',',,,',NULL,NULL,0,NULL,NULL,NULL,'湖南华信通信息网络技术有限公司',0,NULL,1530516131592,1,NULL,NULL,0),(1386,'向汝武',4,'worker_er','per:worker:*',NULL,NULL,'身份证','433127197104154013',',,,',NULL,NULL,1,NULL,NULL,NULL,'武汉贝斯特通信集团股份有限公司',0,NULL,1530516132712,1,NULL,NULL,0),(1387,'孙桂海',5,'worker','per:common:*',NULL,NULL,'身份证','433124197102076315',',,,',NULL,NULL,0,NULL,NULL,NULL,'武汉贝斯特通信集团股份有限公司',0,NULL,1530516133051,1,NULL,NULL,0),(1388,'刘春辉',5,'worker','per:common:*',NULL,NULL,'身份证','433127197906231017',',,,',NULL,NULL,0,NULL,NULL,NULL,'武汉贝斯特通信集团股份有限公司',0,NULL,1530516133378,1,NULL,NULL,0),(1389,'田军',5,'worker','per:common:*',NULL,NULL,'身份证','433127197205260018',',,,',NULL,NULL,0,NULL,NULL,NULL,'武汉贝斯特通信集团股份有限公司',0,NULL,1530516133718,1,NULL,NULL,0),(1390,'孙成念',5,'worker','per:common:*',NULL,NULL,'身份证','43312419671008631X',',,,',NULL,NULL,0,NULL,NULL,NULL,'武汉贝斯特通信集团股份有限公司',0,NULL,1530516134445,1,NULL,NULL,0),(1391,'孙冬力',5,'worker','per:common:*',NULL,NULL,'身份证','433124197604156331',',,,',NULL,NULL,0,NULL,NULL,NULL,'武汉贝斯特通信集团股份有限公司',0,NULL,1530516134787,1,NULL,NULL,0),(1392,'吴家泽',5,'worker','per:common:*',NULL,NULL,'身份证','433124197208101814',',,,',NULL,NULL,0,NULL,NULL,NULL,'武汉贝斯特通信集团股份有限公司',0,NULL,1530516135142,1,NULL,NULL,0),(1393,'向波',4,'worker_er','per:worker:*',NULL,NULL,'身份证','433127198312160412',',,,',NULL,NULL,1,NULL,NULL,NULL,'武汉贝斯特通信集团股份有限公司',0,NULL,1530516135485,1,NULL,NULL,0),(1394,'王志胜',5,'worker','per:common:*',NULL,NULL,'身份证','433127196611111013',',,,',NULL,NULL,0,NULL,NULL,NULL,'武汉贝斯特通信集团股份有限公司',0,NULL,1530516135816,1,NULL,NULL,0),(1395,'胡尺立',5,'worker','per:common:*',NULL,NULL,'身份证','433127195610191010',',,,',NULL,NULL,0,NULL,NULL,NULL,'武汉贝斯特通信集团股份有限公司',0,NULL,1530516136154,1,NULL,NULL,0),(1396,'李爱国',5,'worker','per:common:*',NULL,NULL,'身份证','433127196603142418',',,,',NULL,NULL,0,NULL,NULL,NULL,'武汉贝斯特通信集团股份有限公司',0,NULL,1530516136481,1,NULL,NULL,0),(1397,'谭玉明',5,'worker','per:common:*',NULL,NULL,'身份证','433127195812201010',',,,',NULL,NULL,0,NULL,NULL,NULL,'武汉贝斯特通信集团股份有限公司',0,NULL,1530516136816,1,NULL,NULL,0),(1398,'姚茂森',5,'worker','per:common:*',NULL,NULL,'身份证','433127199408131012',',,,',NULL,NULL,0,NULL,NULL,NULL,'武汉贝斯特通信集团股份有限公司',0,NULL,1530516137144,1,NULL,NULL,0),(1399,'谭振',5,'worker','per:common:*',NULL,NULL,'身份证','433127196308271014',',,,',NULL,NULL,0,NULL,NULL,NULL,'武汉贝斯特通信集团股份有限公司',0,NULL,1530516137484,1,NULL,NULL,0),(1400,'翟长云',5,'worker','per:common:*',NULL,NULL,'身份证','433127196304061036',',,,',NULL,NULL,0,NULL,NULL,NULL,'武汉贝斯特通信集团股份有限公司',0,NULL,1530516137815,1,NULL,NULL,0),(1401,'向绪芳',5,'worker','per:common:*',NULL,NULL,'身份证','433101197607050538',',,,',NULL,NULL,0,NULL,NULL,NULL,'武汉贝斯特通信集团股份有限公司',0,NULL,1530516138155,1,NULL,NULL,0),(1402,'喻浩',5,'worker','per:common:*',NULL,NULL,'身份证','433127198903231219',',,,',NULL,NULL,0,NULL,NULL,NULL,'中通五局',0,NULL,1530516138483,1,NULL,NULL,0),(1403,'谢昌江',5,'worker','per:common:*',NULL,NULL,'身份证','43312719621029201X',',,,',NULL,NULL,0,NULL,NULL,NULL,'中通五局',0,NULL,1530516138819,1,NULL,NULL,0),(1404,'郑家旺',5,'worker','per:common:*',NULL,NULL,'身份证','433127196508282236',',,,',NULL,NULL,0,NULL,NULL,NULL,'中通五局',0,NULL,1530516139146,1,NULL,NULL,0),(1405,'罗勇',5,'worker','per:common:*',NULL,NULL,'身份证','433126199510260519',',,,',NULL,NULL,0,NULL,NULL,NULL,'中通五局',0,NULL,1530516139482,1,NULL,NULL,0),(1406,'候中胜',5,'worker','per:common:*',NULL,NULL,'身份证','433127196311222010',',,,',NULL,NULL,0,NULL,NULL,NULL,'中通五局',0,NULL,1530516139811,1,NULL,NULL,0),(1407,'喻天军',5,'worker','per:common:*',NULL,NULL,'身份证','433127198610181238',',,,',NULL,NULL,0,NULL,NULL,NULL,'中通五局',0,NULL,1530516140160,1,NULL,NULL,0),(1408,'罗世高',5,'worker','per:common:*',NULL,NULL,'身份证','433127196910121211',',,,',NULL,NULL,0,NULL,NULL,NULL,'中通五局',0,NULL,1530516140491,1,NULL,NULL,0),(1409,'全慧',5,'worker','per:common:*',NULL,NULL,'身份证','433127197509282013',',,,',NULL,NULL,0,NULL,NULL,NULL,'中通五局',0,NULL,1530516140831,1,NULL,NULL,0),(1410,'麻二戈',5,'worker','per:common:*',NULL,NULL,'身份证','43312419641230901X',',,,',NULL,NULL,0,NULL,NULL,NULL,'中通二局',0,NULL,1530516141166,1,NULL,NULL,0),(1411,'石国杨',5,'worker','per:common:*',NULL,NULL,'身份证','43312419730515503X',',,,',NULL,NULL,0,NULL,NULL,NULL,'中通二局',0,NULL,1530516141505,1,NULL,NULL,0),(1412,'施文义',5,'worker','per:common:*',NULL,NULL,'身份证','433124194710279016',',,,',NULL,NULL,0,NULL,NULL,NULL,'中通二局',0,NULL,1530516141833,1,NULL,NULL,0),(1413,'龙占东',5,'worker','per:common:*',NULL,NULL,'身份证','433124197012159037',',,,',NULL,NULL,0,NULL,NULL,NULL,'中通二局',0,NULL,1530516142171,1,NULL,NULL,0),(1414,'龙邵文',5,'worker','per:common:*',NULL,NULL,'身份证','43312419550112901X',',,,',NULL,NULL,0,NULL,NULL,NULL,'中通二局',0,NULL,1530516142502,1,NULL,NULL,0),(1415,'龙天富',5,'worker','per:common:*',NULL,NULL,'身份证','43312419610215901X',',,,',NULL,NULL,0,NULL,NULL,NULL,'中通二局',0,NULL,1530516142845,1,NULL,NULL,0),(1416,'龙兴国',4,'worker_er','per:worker:*',NULL,NULL,'身份证','433124197109099018',',,,',NULL,NULL,1,NULL,NULL,NULL,'中通二局',0,NULL,1530516143174,1,NULL,NULL,0),(1417,'麻利龙',5,'worker','per:common:*',NULL,NULL,'身份证','433124198702049032',',,,',NULL,NULL,0,NULL,NULL,NULL,'中通二局',0,NULL,1530516143509,1,NULL,NULL,0),(1418,'石国渊',5,'worker','per:common:*',NULL,NULL,'身份证','433124197003075050',',,,',NULL,NULL,0,NULL,NULL,NULL,'中通二局',0,NULL,1530516143836,1,NULL,NULL,0),(1419,'麻树成',5,'worker','per:common:*',NULL,NULL,'身份证','433124197307129011',',,,',NULL,NULL,0,NULL,NULL,NULL,'中通二局',0,NULL,1530516144175,1,NULL,NULL,0),(1420,'石林永',5,'worker','per:common:*',NULL,NULL,'身份证','433124196810245031',',,,',NULL,NULL,0,NULL,NULL,NULL,'中通二局',0,NULL,1530516144503,1,NULL,NULL,0),(1421,'石献志',5,'worker','per:common:*',NULL,NULL,'身份证','433124196808185033',',,,',NULL,NULL,0,NULL,NULL,NULL,'中通二局',0,NULL,1530516144839,1,NULL,NULL,0),(1422,'石成寿',5,'worker','per:common:*',NULL,NULL,'身份证','433124197101275013',',,,',NULL,NULL,0,NULL,NULL,NULL,'中通二局',0,NULL,1530516145168,1,NULL,NULL,0),(1423,'向阳',4,'worker_er','per:worker:*',NULL,NULL,'身份证','433126196304031033',',,,',NULL,NULL,1,NULL,NULL,NULL,'润建通信',0,NULL,1530516145503,1,NULL,NULL,0),(1424,'向楚勇',5,'worker','per:common:*',NULL,NULL,'身份证','433126196709221011',',,,',NULL,NULL,0,NULL,NULL,NULL,'润建通信',0,NULL,1530516145831,1,NULL,NULL,0),(1425,'向代进',5,'worker','per:common:*',NULL,NULL,'身份证','433126197809170519',',,,',NULL,NULL,0,NULL,NULL,NULL,'润建通信',0,NULL,1530516146167,1,NULL,NULL,0),(1426,'向德银',5,'worker','per:common:*',NULL,NULL,'身份证','433126198111131010',',,,',NULL,NULL,0,NULL,NULL,NULL,'润建通信',0,NULL,1530516146699,1,NULL,NULL,0),(1427,'彭朝富',5,'worker','per:common:*',NULL,NULL,'身份证','433126197310061014',',,,',NULL,NULL,0,NULL,NULL,NULL,'润建通信',0,NULL,1530516147036,1,NULL,NULL,0);

/*Table structure for table `ref_person_exam_history` */

DROP TABLE IF EXISTS `ref_person_exam_history`;

CREATE TABLE `ref_person_exam_history` (
  `id` int(11) NOT NULL AUTO_INCREMENT COMMENT '试卷id',
  `person_id` int(10) DEFAULT NULL COMMENT '人员id',
  `question_ids` text CHARACTER SET utf8 COLLATE utf8_unicode_ci COMMENT '题目id(2,3,4,10)这是一套试题的题目id集合',
  `wrong_ids` text CHARACTER SET utf8 COLLATE utf8_unicode_ci COMMENT '这套试卷做错的题目ids(2,3,10)',
  `full_score` varchar(10) CHARACTER SET utf8 COLLATE utf8_unicode_ci DEFAULT '100' COMMENT '这套试卷的满分',
  `obtain_score` varchar(10) CHARACTER SET utf8 COLLATE utf8_unicode_ci DEFAULT NULL COMMENT '这套试卷的得分',
  `exam_time` varchar(30) CHARACTER SET utf8 COLLATE utf8_unicode_ci DEFAULT NULL COMMENT '这套试卷的考试时间timestamp格式',
  `exam_type` int(10) DEFAULT NULL COMMENT '试题类别[1:平时练习,2:月份考试]',
  PRIMARY KEY (`id`)
) ENGINE=InnoDB AUTO_INCREMENT=162 DEFAULT CHARSET=utf8 COMMENT='人员考试历史表';

/*Data for the table `ref_person_exam_history` */

/*Table structure for table `ref_person_wrong_question` */

DROP TABLE IF EXISTS `ref_person_wrong_question`;

CREATE TABLE `ref_person_wrong_question` (
  `person_id` int(10) DEFAULT NULL COMMENT '人员id',
  `question_id` int(10) DEFAULT NULL COMMENT '问题id',
  `your_answer` varchar(100) DEFAULT NULL COMMENT '你的答案',
  `correct_answer` varchar(100) DEFAULT NULL COMMENT '正确答案'
) ENGINE=InnoDB DEFAULT CHARSET=utf8 COMMENT='错题记录';

/*Data for the table `ref_person_wrong_question` */

/*Table structure for table `ref_role_menu` */

DROP TABLE IF EXISTS `ref_role_menu`;

CREATE TABLE `ref_role_menu` (
  `role_id` int(11) NOT NULL COMMENT '角色编号',
  `menu_id` int(11) NOT NULL COMMENT '菜单编号',
  `school_id` int(11) NOT NULL COMMENT '学校、机构ID'
) ENGINE=InnoDB DEFAULT CHARSET=utf8 COMMENT='角色-菜单';

/*Data for the table `ref_role_menu` */

insert  into `ref_role_menu`(`role_id`,`menu_id`,`school_id`) values (1,2,0),(1,1,0),(2,2,0),(2,3,0),(1,4,0);

/*Table structure for table `ref_user_role` */

DROP TABLE IF EXISTS `ref_user_role`;

CREATE TABLE `ref_user_role` (
  `user_id` int(11) NOT NULL COMMENT '用户编号',
  `role_id` int(11) NOT NULL COMMENT '角色编号',
  `school_id` int(11) NOT NULL COMMENT '机构ID',
  PRIMARY KEY (`user_id`,`role_id`)
) ENGINE=InnoDB DEFAULT CHARSET=utf8 COMMENT='用户-角色';

/*Data for the table `ref_user_role` */

insert  into `ref_user_role`(`user_id`,`role_id`,`school_id`) values (1,1,1),(2,2,1),(3,3,1),(6,6,1),(7,6,1),(8,6,1),(9,6,1),(10,6,1),(11,6,1),(12,6,1),(13,6,1);

/*Table structure for table `sys_log` */

DROP TABLE IF EXISTS `sys_log`;

CREATE TABLE `sys_log` (
  `id` int(11) NOT NULL AUTO_INCREMENT COMMENT '主键ID',
  `type` char(1) DEFAULT '1' COMMENT '日志类型',
  `title` varchar(255) DEFAULT '' COMMENT '日志标题',
  `create_by` int(10) DEFAULT NULL COMMENT '创建者',
  `create_date` bigint(20) DEFAULT NULL COMMENT '创建时间',
  `remote_addr` varchar(255) DEFAULT NULL COMMENT '操作IP地址',
  `user_agent` varchar(255) DEFAULT NULL COMMENT '用户代理',
  `request_uri` varchar(255) DEFAULT NULL COMMENT '请求URI',
  `method` varchar(5) DEFAULT NULL COMMENT '操作方式',
  `params` text COMMENT '操作提交的数据',
  `exception` text COMMENT '异常信息',
  PRIMARY KEY (`id`),
  KEY `sys_log_create_by` (`create_by`),
  KEY `sys_log_request_uri` (`request_uri`),
  KEY `sys_log_type` (`type`),
  KEY `sys_log_create_date` (`create_date`)
) ENGINE=InnoDB DEFAULT CHARSET=utf8 COMMENT='日志表';

/*Data for the table `sys_log` */

/*Table structure for table `sys_menu` */

DROP TABLE IF EXISTS `sys_menu`;

CREATE TABLE `sys_menu` (
  `id` int(11) NOT NULL AUTO_INCREMENT COMMENT '编号',
  `parent_id` int(11) NOT NULL DEFAULT '0' COMMENT '父级编号',
  `parent_ids` varchar(400) NOT NULL DEFAULT '' COMMENT '所有父级编号',
  `name` varchar(100) DEFAULT NULL COMMENT '名称',
  `sort` int(10) NOT NULL DEFAULT '0' COMMENT '排序',
  `href` varchar(1000) DEFAULT NULL COMMENT '链接',
  `target` varchar(20) DEFAULT NULL COMMENT '目标',
  `icon` varchar(400) DEFAULT NULL COMMENT '图标',
  `is_show` int(10) NOT NULL DEFAULT '0' COMMENT '是否在菜单中显示',
  `permission` varchar(400) DEFAULT NULL COMMENT '权限标识',
  `create_by` int(10) NOT NULL COMMENT '创建者',
  `create_date` bigint(20) NOT NULL COMMENT '创建时间',
  `update_by` int(11) DEFAULT NULL COMMENT '更新者',
  `update_date` bigint(20) DEFAULT NULL COMMENT '更新时间',
  `remarks` varchar(255) DEFAULT NULL COMMENT '备注信息',
  `del_flag` int(10) NOT NULL DEFAULT '0' COMMENT '逻辑删除标记（0：显示；1：隐藏）',
  PRIMARY KEY (`id`),
  KEY `sys_menu_parent_id` (`parent_id`),
  KEY `sys_menu_del_flag` (`del_flag`)
) ENGINE=InnoDB AUTO_INCREMENT=5 DEFAULT CHARSET=utf8 COMMENT='菜单表';

/*Data for the table `sys_menu` */

insert  into `sys_menu`(`id`,`parent_id`,`parent_ids`,`name`,`sort`,`href`,`target`,`icon`,`is_show`,`permission`,`create_by`,`create_date`,`update_by`,`update_date`,`remarks`,`del_flag`) values (1,0,'','添加学生',0,'student/add',NULL,NULL,0,'student:add',2,20160808084312,1,20160809021248,'<p>这个菜单能添加学生</p>',0),(2,0,'','教程管理',0,'jc/*',NULL,NULL,0,'jc:manage:*',1,20160809021947,NULL,NULL,'<p>教程管理</p>',0),(3,2,'','数学管理',0,'jc/shuxu',NULL,NULL,0,'jc:shuxu',1,20160809074410,NULL,NULL,'<p>数学管理</p>',0),(4,0,'','天津展会',0,'device/tj-index',NULL,NULL,0,'tjzh:admin',1,20160809074410,NULL,NULL,NULL,0);

/*Table structure for table `sys_user` */

DROP TABLE IF EXISTS `sys_user`;

CREATE TABLE `sys_user` (
  `id` int(11) NOT NULL AUTO_INCREMENT COMMENT '主键ID',
  `username` varchar(100) DEFAULT NULL COMMENT '登录名',
  `password` varchar(100) DEFAULT NULL COMMENT '密码',
  `name` varchar(100) DEFAULT NULL COMMENT '姓名',
  `ref_id` int(11) NOT NULL COMMENT '关联oa_person的主键',
  `photo_url` varchar(1000) DEFAULT 'http://47.94.98.20:8085/source/attach/headPic/head_defalut.png' COMMENT '用户头像',
  `create_by` int(10) DEFAULT NULL COMMENT '创建者',
  `create_date` bigint(20) DEFAULT NULL COMMENT '创建时间',
  `update_by` int(10) DEFAULT NULL COMMENT '更新者',
  `update_date` bigint(20) DEFAULT NULL COMMENT '更新时间',
  `remarks` varchar(255) DEFAULT NULL COMMENT '备注信息',
  `del_flag` int(10) DEFAULT '0' COMMENT '删除标记',
  PRIMARY KEY (`id`),
  KEY `sys_user_login_name` (`username`),
  KEY `sys_user_update_date` (`update_date`),
  KEY `sys_user_del_flag` (`del_flag`)
) ENGINE=InnoDB AUTO_INCREMENT=1430 DEFAULT CHARSET=utf8 COMMENT='用户表';

/*Data for the table `sys_user` */

insert  into `sys_user`(`id`,`username`,`password`,`name`,`ref_id`,`photo_url`,`create_by`,`create_date`,`update_by`,`update_date`,`remarks`,`del_flag`) values (1,'root','OE43szSeXws9orNa6ooYsQ==','超级管理员',3,'',0,20130527080000,1,20160615134945,'',0),(1040,'430903198301143318','OE43szSeXws9orNa6ooYsQ==','尹强',1038,'http://47.94.98.20:8085/source/attach/headPic/head_defalut.png',1,1530516005749,NULL,NULL,NULL,0),(1041,'43038119940102507x','OE43szSeXws9orNa6ooYsQ==','彭玉喜',1039,'http://47.94.98.20:8085/source/attach/headPic/head_defalut.png',1,1530516006112,NULL,NULL,NULL,0),(1042,'430381199903265057','OE43szSeXws9orNa6ooYsQ==','彭胜',1040,'http://47.94.98.20:8085/source/attach/headPic/head_defalut.png',1,1530516006492,NULL,NULL,NULL,0),(1043,'432321197406292173','OE43szSeXws9orNa6ooYsQ==','范红光',1041,'http://47.94.98.20:8085/source/attach/headPic/head_defalut.png',1,1530516006858,NULL,NULL,NULL,0),(1044,'430322197409285010','OE43szSeXws9orNa6ooYsQ==','龙在发',1042,'http://47.94.98.20:8085/source/attach/headPic/head_defalut.png',1,1530516007213,NULL,NULL,NULL,0),(1045,'430381199310255056','OE43szSeXws9orNa6ooYsQ==','彭剩龙',1043,'http://47.94.98.20:8085/source/attach/headPic/head_defalut.png',1,1530516007556,NULL,NULL,NULL,0),(1046,'432321197807052373','OE43szSeXws9orNa6ooYsQ==','郑利民',1044,'http://47.94.98.20:8085/source/attach/headPic/head_defalut.png',1,1530516008153,NULL,NULL,NULL,0),(1047,'430381198507105014','OE43szSeXws9orNa6ooYsQ==','吕伏根',1045,'http://47.94.98.20:8085/source/attach/headPic/head_defalut.png',1,1530516008495,NULL,NULL,NULL,0),(1048,'432321197901162130','OE43szSeXws9orNa6ooYsQ==','范红波',1046,'http://47.94.98.20:8085/source/attach/headPic/head_defalut.png',1,1530516008843,NULL,NULL,NULL,0),(1049,'432321197502072154','OE43szSeXws9orNa6ooYsQ==','周上钦',1047,'http://47.94.98.20:8085/source/attach/headPic/head_defalut.png',1,1530516009181,NULL,NULL,NULL,0),(1050,'432321196802082157','OE43szSeXws9orNa6ooYsQ==','刘寅飞',1048,'http://47.94.98.20:8085/source/attach/headPic/head_defalut.png',1,1530516009534,NULL,NULL,NULL,0),(1051,'430903198210233377','OE43szSeXws9orNa6ooYsQ==','彭卫红',1049,'http://47.94.98.20:8085/source/attach/headPic/head_defalut.png',1,1530516009891,NULL,NULL,NULL,0),(1052,'430723199208187614','OE43szSeXws9orNa6ooYsQ==','戴林兵',1050,'http://47.94.98.20:8085/source/attach/headPic/head_defalut.png',1,1530516010489,NULL,NULL,NULL,0),(1053,'430903198209163316','OE43szSeXws9orNa6ooYsQ==','尹锋',1051,'http://47.94.98.20:8085/source/attach/headPic/head_defalut.png',1,1530516010823,NULL,NULL,NULL,0),(1054,'430981198807309318','OE43szSeXws9orNa6ooYsQ==','张坤',1052,'http://47.94.98.20:8085/source/attach/headPic/head_defalut.png',1,1530516011176,NULL,NULL,NULL,0),(1055,'430722199506154777','OE43szSeXws9orNa6ooYsQ==','曾福钧',1053,'http://47.94.98.20:8085/source/attach/headPic/head_defalut.png',1,1530516011541,NULL,NULL,NULL,0),(1056,'432302197705158717','OE43szSeXws9orNa6ooYsQ==','王建',1054,'http://47.94.98.20:8085/source/attach/headPic/head_defalut.png',1,1530516011914,NULL,NULL,NULL,0),(1057,'430722199611075050','OE43szSeXws9orNa6ooYsQ==','肖奎钧',1055,'http://47.94.98.20:8085/source/attach/headPic/head_defalut.png',1,1530516012516,NULL,NULL,NULL,0),(1058,'433122195509302511','OE43szSeXws9orNa6ooYsQ==','邓永保',1056,'http://47.94.98.20:8085/source/attach/headPic/head_defalut.png',1,1530516013108,NULL,NULL,NULL,0),(1059,'433122196009182511','OE43szSeXws9orNa6ooYsQ==','杨铁祥',1057,'http://47.94.98.20:8085/source/attach/headPic/head_defalut.png',1,1530516013446,NULL,NULL,NULL,0),(1060,'433122195510112512','OE43szSeXws9orNa6ooYsQ==','符宏好',1058,'http://47.94.98.20:8085/source/attach/headPic/head_defalut.png',1,1530516013800,NULL,NULL,NULL,0),(1061,'433122195905076034','OE43szSeXws9orNa6ooYsQ==','张组成',1059,'http://47.94.98.20:8085/source/attach/headPic/head_defalut.png',1,1530516014135,NULL,NULL,NULL,0),(1062,'433122195604306019','OE43szSeXws9orNa6ooYsQ==','陈清亮',1060,'http://47.94.98.20:8085/source/attach/headPic/head_defalut.png',1,1530516014484,NULL,NULL,NULL,0),(1063,'433122196909026012','OE43szSeXws9orNa6ooYsQ==','杨必兴',1061,'http://47.94.98.20:8085/source/attach/headPic/head_defalut.png',1,1530516014815,NULL,NULL,NULL,0),(1064,'433122198801056032','OE43szSeXws9orNa6ooYsQ==','李劲涛',1062,'http://47.94.98.20:8085/source/attach/headPic/head_defalut.png',1,1530516015164,NULL,NULL,NULL,0),(1065,'433122196411306017','OE43szSeXws9orNa6ooYsQ==','张宗祥',1063,'http://47.94.98.20:8085/source/attach/headPic/head_defalut.png',1,1530516015500,NULL,NULL,NULL,0),(1066,'433122195512222512','OE43szSeXws9orNa6ooYsQ==','邓刚生',1064,'http://47.94.98.20:8085/source/attach/headPic/head_defalut.png',1,1530516015853,NULL,NULL,NULL,0),(1067,'433122199710066029','OE43szSeXws9orNa6ooYsQ==','张玲霞',1065,'http://47.94.98.20:8085/source/attach/headPic/head_defalut.png',1,1530516016186,NULL,NULL,NULL,0),(1068,'433122196304016014','OE43szSeXws9orNa6ooYsQ==','瞿自好',1066,'http://47.94.98.20:8085/source/attach/headPic/head_defalut.png',1,1530516016536,NULL,NULL,NULL,0),(1069,'433122196304033017','OE43szSeXws9orNa6ooYsQ==','石国生',1067,'http://47.94.98.20:8085/source/attach/headPic/head_defalut.png',1,1530516016870,NULL,NULL,NULL,0),(1070,'433122199304076037','OE43szSeXws9orNa6ooYsQ==','杨小军',1068,'http://47.94.98.20:8085/source/attach/headPic/head_defalut.png',1,1530516017225,NULL,NULL,NULL,0),(1071,'433122197405166016','OE43szSeXws9orNa6ooYsQ==','唐进好',1069,'http://47.94.98.20:8085/source/attach/headPic/head_defalut.png',1,1530516017563,NULL,NULL,NULL,0),(1072,'433122199701010015','OE43szSeXws9orNa6ooYsQ==','龙永清',1070,'http://47.94.98.20:8085/source/attach/headPic/head_defalut.png',1,1530516017925,NULL,NULL,NULL,0),(1073,'433122197006026016','OE43szSeXws9orNa6ooYsQ==','张自利',1071,'http://47.94.98.20:8085/source/attach/headPic/head_defalut.png',1,1530516018277,NULL,NULL,NULL,0),(1074,'433122198308200061','OE43szSeXws9orNa6ooYsQ==','麻冬芝',1072,'http://47.94.98.20:8085/source/attach/headPic/head_defalut.png',1,1530516018641,NULL,NULL,NULL,0),(1075,'43312719790527201X','OE43szSeXws9orNa6ooYsQ==','余沛顺',1073,'http://47.94.98.20:8085/source/attach/headPic/head_defalut.png',1,1530516018972,NULL,NULL,NULL,0),(1076,'433101196805102031','OE43szSeXws9orNa6ooYsQ==','石官富',1074,'http://47.94.98.20:8085/source/attach/headPic/head_defalut.png',1,1530516019337,NULL,NULL,NULL,0),(1077,'433130195810283110','OE43szSeXws9orNa6ooYsQ==','陈忠礼',1075,'http://47.94.98.20:8085/source/attach/headPic/head_defalut.png',1,1530516019667,NULL,NULL,NULL,0),(1078,'433125197009303911','OE43szSeXws9orNa6ooYsQ==','向发生',1076,'http://47.94.98.20:8085/source/attach/headPic/head_defalut.png',1,1530516020019,NULL,NULL,NULL,0),(1079,'433130197208183132','OE43szSeXws9orNa6ooYsQ==','陈廷章',1077,'http://47.94.98.20:8085/source/attach/headPic/head_defalut.png',1,1530516020353,NULL,NULL,NULL,0),(1080,'433101197612175511','OE43szSeXws9orNa6ooYsQ==','陈生文',1078,'http://47.94.98.20:8085/source/attach/headPic/head_defalut.png',1,1530516020700,NULL,NULL,NULL,0),(1081,'43313019630107311X','OE43szSeXws9orNa6ooYsQ==','陈廷发',1079,'http://47.94.98.20:8085/source/attach/headPic/head_defalut.png',1,1530516021032,NULL,NULL,NULL,0),(1082,'433130195810243119','OE43szSeXws9orNa6ooYsQ==','李文仲',1080,'http://47.94.98.20:8085/source/attach/headPic/head_defalut.png',1,1530516021383,NULL,NULL,NULL,0),(1083,'433101196804025513','OE43szSeXws9orNa6ooYsQ==','张连校',1081,'http://47.94.98.20:8085/source/attach/headPic/head_defalut.png',1,1530516021714,NULL,NULL,NULL,0),(1084,'433125197907281718','OE43szSeXws9orNa6ooYsQ==','龙志新',1082,'http://47.94.98.20:8085/source/attach/headPic/head_defalut.png',1,1530516022064,NULL,NULL,NULL,0),(1085,'433127198801307438','OE43szSeXws9orNa6ooYsQ==','田光建',1083,'http://47.94.98.20:8085/source/attach/headPic/head_defalut.png',1,1530516022408,NULL,NULL,NULL,0),(1086,'433127198211117431','OE43szSeXws9orNa6ooYsQ==','田涛',1084,'http://47.94.98.20:8085/source/attach/headPic/head_defalut.png',1,1530516022763,NULL,NULL,NULL,0),(1087,'500241198509291617','OE43szSeXws9orNa6ooYsQ==','鲁俊义',1085,'http://47.94.98.20:8085/source/attach/headPic/head_defalut.png',1,1530516023096,NULL,NULL,NULL,0),(1088,'43312719770711418','OE43szSeXws9orNa6ooYsQ==','顾先银',1086,'http://47.94.98.20:8085/source/attach/headPic/head_defalut.png',1,1530516023443,NULL,NULL,NULL,0),(1089,'433101195612296533','OE43szSeXws9orNa6ooYsQ==','陈开银',1087,'http://47.94.98.20:8085/source/attach/headPic/head_defalut.png',1,1530516023775,NULL,NULL,NULL,0),(1090,'433127197807042018','OE43szSeXws9orNa6ooYsQ==','向帮友',1088,'http://47.94.98.20:8085/source/attach/headPic/head_defalut.png',1,1530516024120,NULL,NULL,NULL,0),(1091,'433101199504065517','OE43szSeXws9orNa6ooYsQ==','张杰',1089,'http://47.94.98.20:8085/source/attach/headPic/head_defalut.png',1,1530516024451,NULL,NULL,NULL,0),(1092,'433101197112088534','OE43szSeXws9orNa6ooYsQ==','王怀力',1090,'http://47.94.98.20:8085/source/attach/headPic/head_defalut.png',1,1530516024793,NULL,NULL,NULL,0),(1093,'433101196807076519','OE43szSeXws9orNa6ooYsQ==','石自情',1091,'http://47.94.98.20:8085/source/attach/headPic/head_defalut.png',1,1530516025124,NULL,NULL,NULL,0),(1094,'433101197509036513','OE43szSeXws9orNa6ooYsQ==','邹卫顺',1092,'http://47.94.98.20:8085/source/attach/headPic/head_defalut.png',1,1530516025466,NULL,NULL,NULL,0),(1095,'433101198008076511','OE43szSeXws9orNa6ooYsQ==','梁贵宏',1093,'http://47.94.98.20:8085/source/attach/headPic/head_defalut.png',1,1530516025796,NULL,NULL,NULL,0),(1096,'433101197209086519','OE43szSeXws9orNa6ooYsQ==','邹卫国',1094,'http://47.94.98.20:8085/source/attach/headPic/head_defalut.png',1,1530516026144,NULL,NULL,NULL,0),(1097,'433101197004046556','OE43szSeXws9orNa6ooYsQ==','龙自才',1095,'http://47.94.98.20:8085/source/attach/headPic/head_defalut.png',1,1530516026477,NULL,NULL,NULL,0),(1098,'433101199501255534','OE43szSeXws9orNa6ooYsQ==','王志刚',1096,'http://47.94.98.20:8085/source/attach/headPic/head_defalut.png',1,1530516026821,NULL,NULL,NULL,0),(1099,'433101197302106537','OE43szSeXws9orNa6ooYsQ==','石自正',1097,'http://47.94.98.20:8085/source/attach/headPic/head_defalut.png',1,1530516027197,NULL,NULL,NULL,0),(1100,'433127197406251230','OE43szSeXws9orNa6ooYsQ==','严云',1098,'http://47.94.98.20:8085/source/attach/headPic/head_defalut.png',1,1530516027850,NULL,NULL,NULL,0),(1101,'433127195402221211','OE43szSeXws9orNa6ooYsQ==','罗世新',1099,'http://47.94.98.20:8085/source/attach/headPic/head_defalut.png',1,1530516028183,NULL,NULL,NULL,0),(1102,'433127197910231212','OE43szSeXws9orNa6ooYsQ==','严刚亮',1100,'http://47.94.98.20:8085/source/attach/headPic/head_defalut.png',1,1530516028523,NULL,NULL,NULL,0),(1103,'433127198511061214','OE43szSeXws9orNa6ooYsQ==','严芬国',1101,'http://47.94.98.20:8085/source/attach/headPic/head_defalut.png',1,1530516028858,NULL,NULL,NULL,0),(1104,'433127196310111212','OE43szSeXws9orNa6ooYsQ==','彭楚皇',1102,'http://47.94.98.20:8085/source/attach/headPic/head_defalut.png',1,1530516029201,NULL,NULL,NULL,0),(1105,'433127197610191212','OE43szSeXws9orNa6ooYsQ==','严刚福',1103,'http://47.94.98.20:8085/source/attach/headPic/head_defalut.png',1,1530516029532,NULL,NULL,NULL,0),(1106,'433127198806142097','OE43szSeXws9orNa6ooYsQ==','向加华',1104,'http://47.94.98.20:8085/source/attach/headPic/head_defalut.png',1,1530516029872,NULL,NULL,NULL,0),(1107,'433127197207191212','OE43szSeXws9orNa6ooYsQ==','王文金',1105,'http://47.94.98.20:8085/source/attach/headPic/head_defalut.png',1,1530516030198,NULL,NULL,NULL,0),(1108,'433127198703121218','OE43szSeXws9orNa6ooYsQ==','瞿继双',1106,'http://47.94.98.20:8085/source/attach/headPic/head_defalut.png',1,1530516030542,NULL,NULL,NULL,0),(1109,'433127196112011210','OE43szSeXws9orNa6ooYsQ==','涂世银',1107,'http://47.94.98.20:8085/source/attach/headPic/head_defalut.png',1,1530516030875,NULL,NULL,NULL,0),(1110,'433127195703202014','OE43szSeXws9orNa6ooYsQ==','彭武环',1108,'http://47.94.98.20:8085/source/attach/headPic/head_defalut.png',1,1530516031222,NULL,NULL,NULL,0),(1111,'433127195510082255','OE43szSeXws9orNa6ooYsQ==','彭文明',1109,'http://47.94.98.20:8085/source/attach/headPic/head_defalut.png',1,1530516031554,NULL,NULL,NULL,0),(1112,'433127196912141013','OE43szSeXws9orNa6ooYsQ==','田明儒',1110,'http://47.94.98.20:8085/source/attach/headPic/head_defalut.png',1,1530516031899,NULL,NULL,NULL,0),(1113,'433127197911022017','OE43szSeXws9orNa6ooYsQ==','潘仁周',1111,'http://47.94.98.20:8085/source/attach/headPic/head_defalut.png',1,1530516032230,NULL,NULL,NULL,0),(1114,'433127196303101438','OE43szSeXws9orNa6ooYsQ==','顾远龙',1112,'http://47.94.98.20:8085/source/attach/headPic/head_defalut.png',1,1530516032573,NULL,NULL,NULL,0),(1115,'433127196405141211','OE43szSeXws9orNa6ooYsQ==','官学霞',1113,'http://47.94.98.20:8085/source/attach/headPic/head_defalut.png',1,1530516032905,NULL,NULL,NULL,0),(1116,'433127196307251417','OE43szSeXws9orNa6ooYsQ==','黄太勇',1114,'http://47.94.98.20:8085/source/attach/headPic/head_defalut.png',1,1530516033250,NULL,NULL,NULL,0),(1117,'43312719790601141X','OE43szSeXws9orNa6ooYsQ==','顾先龙',1115,'http://47.94.98.20:8085/source/attach/headPic/head_defalut.png',1,1530516033581,NULL,NULL,NULL,0),(1118,'433127196301261817','OE43szSeXws9orNa6ooYsQ==','彭孝文',1116,'http://47.94.98.20:8085/source/attach/headPic/head_defalut.png',1,1530516033925,NULL,NULL,NULL,0),(1119,'433127195512150311','OE43szSeXws9orNa6ooYsQ==','彭朝林',1117,'http://47.94.98.20:8085/source/attach/headPic/head_defalut.png',1,1530516034252,NULL,NULL,NULL,0),(1120,'43312719660102141X','OE43szSeXws9orNa6ooYsQ==','杨德顺',1118,'http://47.94.98.20:8085/source/attach/headPic/head_defalut.png',1,1530516034596,NULL,NULL,NULL,0),(1121,'433127196108092230','OE43szSeXws9orNa6ooYsQ==','彭继康',1119,'http://47.94.98.20:8085/source/attach/headPic/head_defalut.png',1,1530516034924,NULL,NULL,NULL,0),(1122,'433127196512181411','OE43szSeXws9orNa6ooYsQ==','彭朝胜',1120,'http://47.94.98.20:8085/source/attach/headPic/head_defalut.png',1,1530516035267,NULL,NULL,NULL,0),(1123,'433127197210071211','OE43szSeXws9orNa6ooYsQ==','唐元富',1121,'http://47.94.98.20:8085/source/attach/headPic/head_defalut.png',1,1530516035594,NULL,NULL,NULL,0),(1124,'433127196102241215','OE43szSeXws9orNa6ooYsQ==','彭仕银',1122,'http://47.94.98.20:8085/source/attach/headPic/head_defalut.png',1,1530516035943,NULL,NULL,NULL,0),(1125,'433127195305011212','OE43szSeXws9orNa6ooYsQ==','宋大云',1123,'http://47.94.98.20:8085/source/attach/headPic/head_defalut.png',1,1530516036273,NULL,NULL,NULL,0),(1126,'433127196512161613','OE43szSeXws9orNa6ooYsQ==','彭成胜',1124,'http://47.94.98.20:8085/source/attach/headPic/head_defalut.png',1,1530516036615,NULL,NULL,NULL,0),(1127,'433125197208030514','OE43szSeXws9orNa6ooYsQ==','向选举',1125,'http://47.94.98.20:8085/source/attach/headPic/head_defalut.png',1,1530516036947,NULL,NULL,NULL,0),(1128,'433125196305022116','OE43szSeXws9orNa6ooYsQ==','龙顺兴',1126,'http://47.94.98.20:8085/source/attach/headPic/head_defalut.png',1,1530516037289,NULL,NULL,NULL,0),(1129,'433124197811293611','OE43szSeXws9orNa6ooYsQ==','高峰',1127,'http://47.94.98.20:8085/source/attach/headPic/head_defalut.png',1,1530516037620,NULL,NULL,NULL,0),(1130,'433125196510152331','OE43szSeXws9orNa6ooYsQ==','周官军',1128,'http://47.94.98.20:8085/source/attach/headPic/head_defalut.png',1,1530516037963,NULL,NULL,NULL,0),(1131,'433125197708062117','OE43szSeXws9orNa6ooYsQ==','龙承顺',1129,'http://47.94.98.20:8085/source/attach/headPic/head_defalut.png',1,1530516038292,NULL,NULL,NULL,0),(1132,'433125196505052336','OE43szSeXws9orNa6ooYsQ==','彭先胜',1130,'http://47.94.98.20:8085/source/attach/headPic/head_defalut.png',1,1530516038636,NULL,NULL,NULL,0),(1133,'433125199307250511','OE43szSeXws9orNa6ooYsQ==','彭帆',1131,'http://47.94.98.20:8085/source/attach/headPic/head_defalut.png',1,1530516038967,NULL,NULL,NULL,0),(1134,'433123198811163014','OE43szSeXws9orNa6ooYsQ==','田茂杰',1132,'http://47.94.98.20:8085/source/attach/headPic/head_defalut.png',1,1530516039310,NULL,NULL,NULL,0),(1135,'433123197710273017','OE43szSeXws9orNa6ooYsQ==','田观保',1133,'http://47.94.98.20:8085/source/attach/headPic/head_defalut.png',1,1530516039639,NULL,NULL,NULL,0),(1136,'433123198710213019','OE43szSeXws9orNa6ooYsQ==','田洪贵',1134,'http://47.94.98.20:8085/source/attach/headPic/head_defalut.png',1,1530516039983,NULL,NULL,NULL,0),(1137,'433123195507103013','OE43szSeXws9orNa6ooYsQ==','田秋苟',1135,'http://47.94.98.20:8085/source/attach/headPic/head_defalut.png',1,1530516040317,NULL,NULL,NULL,0),(1138,'433123197911206638','OE43szSeXws9orNa6ooYsQ==','龙林杰',1136,'http://47.94.98.20:8085/source/attach/headPic/head_defalut.png',1,1530516040660,NULL,NULL,NULL,0),(1139,'433123196510054819','OE43szSeXws9orNa6ooYsQ==','吴俊吉',1137,'http://47.94.98.20:8085/source/attach/headPic/head_defalut.png',1,1530516040991,NULL,NULL,NULL,0),(1140,'433123197105044814','OE43szSeXws9orNa6ooYsQ==','吴俊仙',1138,'http://47.94.98.20:8085/source/attach/headPic/head_defalut.png',1,1530516041342,NULL,NULL,NULL,0),(1141,'433123199102143015','OE43szSeXws9orNa6ooYsQ==','田冬',1139,'http://47.94.98.20:8085/source/attach/headPic/head_defalut.png',1,1530516041684,NULL,NULL,NULL,0),(1142,'433123198211093016','OE43szSeXws9orNa6ooYsQ==','杨再文',1140,'http://47.94.98.20:8085/source/attach/headPic/head_defalut.png',1,1530516042057,NULL,NULL,NULL,0),(1143,'433123197106233051','OE43szSeXws9orNa6ooYsQ==','杨秀军',1141,'http://47.94.98.20:8085/source/attach/headPic/head_defalut.png',1,1530516042396,NULL,NULL,NULL,0),(1144,'433123198910173058','OE43szSeXws9orNa6ooYsQ==','杨锋',1142,'http://47.94.98.20:8085/source/attach/headPic/head_defalut.png',1,1530516042740,NULL,NULL,NULL,0),(1145,'433123198806023017','OE43szSeXws9orNa6ooYsQ==','秦旺',1143,'http://47.94.98.20:8085/source/attach/headPic/head_defalut.png',1,1530516043072,NULL,NULL,NULL,0),(1146,'433123199502200314','OE43szSeXws9orNa6ooYsQ==','李峰',1144,'http://47.94.98.20:8085/source/attach/headPic/head_defalut.png',1,1530516043416,NULL,NULL,NULL,0),(1147,'433123196708140632','OE43szSeXws9orNa6ooYsQ==','候生平',1145,'http://47.94.98.20:8085/source/attach/headPic/head_defalut.png',1,1530516043745,NULL,NULL,NULL,0),(1148,'433123199309020610','OE43szSeXws9orNa6ooYsQ==','候再寅',1146,'http://47.94.98.20:8085/source/attach/headPic/head_defalut.png',1,1530516044089,NULL,NULL,NULL,0),(1149,'433123196909180331','OE43szSeXws9orNa6ooYsQ==','李志平',1147,'http://47.94.98.20:8085/source/attach/headPic/head_defalut.png',1,1530516044419,NULL,NULL,NULL,0),(1150,'433123196803221211','OE43szSeXws9orNa6ooYsQ==','龙春合',1148,'http://47.94.98.20:8085/source/attach/headPic/head_defalut.png',1,1530516044770,NULL,NULL,NULL,0),(1151,'43312319791221121X','OE43szSeXws9orNa6ooYsQ==','龙合辉',1149,'http://47.94.98.20:8085/source/attach/headPic/head_defalut.png',1,1530516045108,NULL,NULL,NULL,0),(1152,'433123198207100615','OE43szSeXws9orNa6ooYsQ==','龙小林',1150,'http://47.94.98.20:8085/source/attach/headPic/head_defalut.png',1,1530516045449,NULL,NULL,NULL,0),(1153,'433123198408100312','OE43szSeXws9orNa6ooYsQ==','秦江华',1151,'http://47.94.98.20:8085/source/attach/headPic/head_defalut.png',1,1530516045780,NULL,NULL,NULL,0),(1154,'433123197106150619','OE43szSeXws9orNa6ooYsQ==','田茂智',1152,'http://47.94.98.20:8085/source/attach/headPic/head_defalut.png',1,1530516046149,NULL,NULL,NULL,0),(1155,'430802196212114418','OE43szSeXws9orNa6ooYsQ==','汪跃文',1153,'http://47.94.98.20:8085/source/attach/headPic/head_defalut.png',1,1530516046483,NULL,NULL,NULL,0),(1156,'430802197511122738','OE43szSeXws9orNa6ooYsQ==','吴远兵',1154,'http://47.94.98.20:8085/source/attach/headPic/head_defalut.png',1,1530516046829,NULL,NULL,NULL,0),(1157,'430802197201256853','OE43szSeXws9orNa6ooYsQ==','梁英春',1155,'http://47.94.98.20:8085/source/attach/headPic/head_defalut.png',1,1530516047163,NULL,NULL,NULL,0),(1158,'430822199001145379','OE43szSeXws9orNa6ooYsQ==','谢昌武',1156,'http://47.94.98.20:8085/source/attach/headPic/head_defalut.png',1,1530516047507,NULL,NULL,NULL,0),(1159,'430822197906175055','OE43szSeXws9orNa6ooYsQ==','胡中武',1157,'http://47.94.98.20:8085/source/attach/headPic/head_defalut.png',1,1530516047835,NULL,NULL,NULL,0),(1160,'433123196207040617','OE43szSeXws9orNa6ooYsQ==','李树金',1158,'http://47.94.98.20:8085/source/attach/headPic/head_defalut.png',1,1530516048182,NULL,NULL,NULL,0),(1161,'433123195810150330','OE43szSeXws9orNa6ooYsQ==','隆长表',1159,'http://47.94.98.20:8085/source/attach/headPic/head_defalut.png',1,1530516048515,NULL,NULL,NULL,0),(1162,'433123195906150319','OE43szSeXws9orNa6ooYsQ==','麻贵金',1160,'http://47.94.98.20:8085/source/attach/headPic/head_defalut.png',1,1530516048859,NULL,NULL,NULL,0),(1163,'433102196602213010','OE43szSeXws9orNa6ooYsQ==','李生海',1161,'http://47.94.98.20:8085/source/attach/headPic/head_defalut.png',1,1530516049191,NULL,NULL,NULL,0),(1164,'430802198607236419','OE43szSeXws9orNa6ooYsQ==','覃代银',1162,'http://47.94.98.20:8085/source/attach/headPic/head_defalut.png',1,1530516049532,NULL,NULL,NULL,0),(1165,'430802198907266417','OE43szSeXws9orNa6ooYsQ==','杨坤',1163,'http://47.94.98.20:8085/source/attach/headPic/head_defalut.png',1,1530516049862,NULL,NULL,NULL,0),(1166,'430802196305056413','OE43szSeXws9orNa6ooYsQ==','覃基绍',1164,'http://47.94.98.20:8085/source/attach/headPic/head_defalut.png',1,1530516050208,NULL,NULL,NULL,0),(1167,'430802199105036411','OE43szSeXws9orNa6ooYsQ==','覃根',1165,'http://47.94.98.20:8085/source/attach/headPic/head_defalut.png',1,1530516050537,NULL,NULL,NULL,0),(1168,'430802197007212734','OE43szSeXws9orNa6ooYsQ==','张永献',1166,'http://47.94.98.20:8085/source/attach/headPic/head_defalut.png',1,1530516050885,NULL,NULL,NULL,0),(1169,'430802197609024415','OE43szSeXws9orNa6ooYsQ==','罗国辉',1167,'http://47.94.98.20:8085/source/attach/headPic/head_defalut.png',1,1530516051214,NULL,NULL,NULL,0),(1170,'430802195810102711','OE43szSeXws9orNa6ooYsQ==','吴建国',1168,'http://47.94.98.20:8085/source/attach/headPic/head_defalut.png',1,1530516051561,NULL,NULL,NULL,0),(1171,'430802197906292715','OE43szSeXws9orNa6ooYsQ==','覃基才',1169,'http://47.94.98.20:8085/source/attach/headPic/head_defalut.png',1,1530516051896,NULL,NULL,NULL,0),(1172,'433127199605031213','OE43szSeXws9orNa6ooYsQ==','彭岩林',1170,'http://47.94.98.20:8085/source/attach/headPic/head_defalut.png',1,1530516052240,NULL,NULL,NULL,0),(1173,'430802196907166839','OE43szSeXws9orNa6ooYsQ==','罗秋元',1171,'http://47.94.98.20:8085/source/attach/headPic/head_defalut.png',1,1530516052577,NULL,NULL,NULL,0),(1174,'433123197102010635','OE43szSeXws9orNa6ooYsQ==','麻送生',1172,'http://47.94.98.20:8085/source/attach/headPic/head_defalut.png',1,1530516052918,NULL,NULL,NULL,0),(1175,'430802195404186817','OE43szSeXws9orNa6ooYsQ==','黄全海',1173,'http://47.94.98.20:8085/source/attach/headPic/head_defalut.png',1,1530516053251,NULL,NULL,NULL,0),(1176,'430802196507232710','OE43szSeXws9orNa6ooYsQ==','孙建国',1174,'http://47.94.98.20:8085/source/attach/headPic/head_defalut.png',1,1530516053601,NULL,NULL,NULL,0),(1177,'412702195311181913','OE43szSeXws9orNa6ooYsQ==','刘义',1175,'http://47.94.98.20:8085/source/attach/headPic/head_defalut.png',1,1530516053929,NULL,NULL,NULL,0),(1178,'430802196209226814','OE43szSeXws9orNa6ooYsQ==','黄安国',1176,'http://47.94.98.20:8085/source/attach/headPic/head_defalut.png',1,1530516054271,NULL,NULL,NULL,0),(1179,'433123199401077513','OE43szSeXws9orNa6ooYsQ==','吴先金',1177,'http://47.94.98.20:8085/source/attach/headPic/head_defalut.png',1,1530516054601,NULL,NULL,NULL,0),(1180,'433123197911157514','OE43szSeXws9orNa6ooYsQ==','龙义作',1178,'http://47.94.98.20:8085/source/attach/headPic/head_defalut.png',1,1530516054946,NULL,NULL,NULL,0),(1181,'431281199802025252','OE43szSeXws9orNa6ooYsQ==','易伟豪',1179,'http://47.94.98.20:8085/source/attach/headPic/head_defalut.png',1,1530516055276,NULL,NULL,NULL,0),(1182,'43312319881004753X','OE43szSeXws9orNa6ooYsQ==','龙志宜',1180,'http://47.94.98.20:8085/source/attach/headPic/head_defalut.png',1,1530516055619,NULL,NULL,NULL,0),(1183,'433123198808222714','OE43szSeXws9orNa6ooYsQ==','候民富',1181,'http://47.94.98.20:8085/source/attach/headPic/head_defalut.png',1,1530516055957,NULL,NULL,NULL,0),(1184,'433123199304052736','OE43szSeXws9orNa6ooYsQ==','候杰',1182,'http://47.94.98.20:8085/source/attach/headPic/head_defalut.png',1,1530516056302,NULL,NULL,NULL,0),(1185,'43312319770525003X','OE43szSeXws9orNa6ooYsQ==','滕喜斌',1183,'http://47.94.98.20:8085/source/attach/headPic/head_defalut.png',1,1530516056636,NULL,NULL,NULL,0),(1186,'433124199505126814','OE43szSeXws9orNa6ooYsQ==','龙骞',1184,'http://47.94.98.20:8085/source/attach/headPic/head_defalut.png',1,1530516056980,NULL,NULL,NULL,0),(1187,'433125197406079538','OE43szSeXws9orNa6ooYsQ==','杨海欧',1185,'http://47.94.98.20:8085/source/attach/headPic/head_defalut.png',1,1530516057319,NULL,NULL,NULL,0),(1188,'433124197211139047','OE43szSeXws9orNa6ooYsQ==','周纯',1186,'http://47.94.98.20:8085/source/attach/headPic/head_defalut.png',1,1530516057664,NULL,NULL,NULL,0),(1189,'433123197609193039','OE43szSeXws9orNa6ooYsQ==','田云华',1187,'http://47.94.98.20:8085/source/attach/headPic/head_defalut.png',1,1530516057996,NULL,NULL,NULL,0),(1190,'433123197410020018','OE43szSeXws9orNa6ooYsQ==','杨胜荣',1188,'http://47.94.98.20:8085/source/attach/headPic/head_defalut.png',1,1530516058338,NULL,NULL,NULL,0),(1191,'433123197809222113','OE43szSeXws9orNa6ooYsQ==','刘文华',1189,'http://47.94.98.20:8085/source/attach/headPic/head_defalut.png',1,1530516058666,NULL,NULL,NULL,0),(1192,'433127197202281411','OE43szSeXws9orNa6ooYsQ==','顾仁传',1190,'http://47.94.98.20:8085/source/attach/headPic/head_defalut.png',1,1530516059008,NULL,NULL,NULL,0),(1193,'433127197104181417','OE43szSeXws9orNa6ooYsQ==','王本真',1191,'http://47.94.98.20:8085/source/attach/headPic/head_defalut.png',1,1530516059341,NULL,NULL,NULL,0),(1194,'433127197403191412','OE43szSeXws9orNa6ooYsQ==','顾仁文',1192,'http://47.94.98.20:8085/source/attach/headPic/head_defalut.png',1,1530516059681,NULL,NULL,NULL,0),(1195,'433127196301041419','OE43szSeXws9orNa6ooYsQ==','王本州',1193,'http://47.94.98.20:8085/source/attach/headPic/head_defalut.png',1,1530516060010,NULL,NULL,NULL,0),(1196,'433127195510011617','OE43szSeXws9orNa6ooYsQ==','彭文考',1194,'http://47.94.98.20:8085/source/attach/headPic/head_defalut.png',1,1530516060358,NULL,NULL,NULL,0),(1197,'433127197206070339','OE43szSeXws9orNa6ooYsQ==','蔡付武',1195,'http://47.94.98.20:8085/source/attach/headPic/head_defalut.png',1,1530516060692,NULL,NULL,NULL,0),(1198,'433127197710201414','OE43szSeXws9orNa6ooYsQ==','顾仁奎',1196,'http://47.94.98.20:8085/source/attach/headPic/head_defalut.png',1,1530516061034,NULL,NULL,NULL,0),(1199,'433127198101131419','OE43szSeXws9orNa6ooYsQ==','顾先海',1197,'http://47.94.98.20:8085/source/attach/headPic/head_defalut.png',1,1530516061363,NULL,NULL,NULL,0),(1200,'433127197001012012','OE43szSeXws9orNa6ooYsQ==','刘朝辉',1198,'http://47.94.98.20:8085/source/attach/headPic/head_defalut.png',1,1530516061708,NULL,NULL,NULL,0),(1201,'433127197005181411','OE43szSeXws9orNa6ooYsQ==','黄太奎',1199,'http://47.94.98.20:8085/source/attach/headPic/head_defalut.png',1,1530516062038,NULL,NULL,NULL,0),(1202,'433127195710231411','OE43szSeXws9orNa6ooYsQ==','黄太胜',1200,'http://47.94.98.20:8085/source/attach/headPic/head_defalut.png',1,1530516062379,NULL,NULL,NULL,0),(1203,'433127195811151410','OE43szSeXws9orNa6ooYsQ==','陈祖科',1201,'http://47.94.98.20:8085/source/attach/headPic/head_defalut.png',1,1530516062713,NULL,NULL,NULL,0),(1204,'433127195808112015','OE43szSeXws9orNa6ooYsQ==','向自全',1202,'http://47.94.98.20:8085/source/attach/headPic/head_defalut.png',1,1530516063056,NULL,NULL,NULL,0),(1205,'433127195412011410','OE43szSeXws9orNa6ooYsQ==','王承龙',1203,'http://47.94.98.20:8085/source/attach/headPic/head_defalut.png',1,1530516063387,NULL,NULL,NULL,0),(1206,'433127198606042059','OE43szSeXws9orNa6ooYsQ==','黄昌平',1204,'http://47.94.98.20:8085/source/attach/headPic/head_defalut.png',1,1530516063728,NULL,NULL,NULL,0),(1207,'433127199807071432','OE43szSeXws9orNa6ooYsQ==','顾先浩',1205,'http://47.94.98.20:8085/source/attach/headPic/head_defalut.png',1,1530516064059,NULL,NULL,NULL,0),(1208,'433127199002271410','OE43szSeXws9orNa6ooYsQ==','顾德生',1206,'http://47.94.98.20:8085/source/attach/headPic/head_defalut.png',1,1530516064404,NULL,NULL,NULL,0),(1209,'433127196310231417','OE43szSeXws9orNa6ooYsQ==','李丕心',1207,'http://47.94.98.20:8085/source/attach/headPic/head_defalut.png',1,1530516064732,NULL,NULL,NULL,0),(1210,'433127199101151238','OE43szSeXws9orNa6ooYsQ==','谢叶星',1208,'http://47.94.98.20:8085/source/attach/headPic/head_defalut.png',1,1530516065075,NULL,NULL,NULL,0),(1211,'433127197802121411','OE43szSeXws9orNa6ooYsQ==','顾仁超',1209,'http://47.94.98.20:8085/source/attach/headPic/head_defalut.png',1,1530516065411,NULL,NULL,NULL,0),(1212,'433127196907011417','OE43szSeXws9orNa6ooYsQ==','彭秀海',1210,'http://47.94.98.20:8085/source/attach/headPic/head_defalut.png',1,1530516065754,NULL,NULL,NULL,0),(1213,'433127197201231412','OE43szSeXws9orNa6ooYsQ==','王本文',1211,'http://47.94.98.20:8085/source/attach/headPic/head_defalut.png',1,1530516066085,NULL,NULL,NULL,0),(1214,'433127198406251411','OE43szSeXws9orNa6ooYsQ==','王思尊',1212,'http://47.94.98.20:8085/source/attach/headPic/head_defalut.png',1,1530516066428,NULL,NULL,NULL,0),(1215,'433127196505021612','OE43szSeXws9orNa6ooYsQ==','顾先文',1213,'http://47.94.98.20:8085/source/attach/headPic/head_defalut.png',1,1530516066760,NULL,NULL,NULL,0),(1216,'433127197201011815','OE43szSeXws9orNa6ooYsQ==','杨选生',1214,'http://47.94.98.20:8085/source/attach/headPic/head_defalut.png',1,1530516067104,NULL,NULL,NULL,0),(1217,'433127195904191411','OE43szSeXws9orNa6ooYsQ==','张贵奇',1215,'http://47.94.98.20:8085/source/attach/headPic/head_defalut.png',1,1530516067438,NULL,NULL,NULL,0),(1218,'433127198110151438','OE43szSeXws9orNa6ooYsQ==','王本忠',1216,'http://47.94.98.20:8085/source/attach/headPic/head_defalut.png',1,1530516067784,NULL,NULL,NULL,0),(1219,'433127197104081416','OE43szSeXws9orNa6ooYsQ==','王君',1217,'http://47.94.98.20:8085/source/attach/headPic/head_defalut.png',1,1530516068114,NULL,NULL,NULL,0),(1220,'433127197102061411','OE43szSeXws9orNa6ooYsQ==','王家贵',1218,'http://47.94.98.20:8085/source/attach/headPic/head_defalut.png',1,1530516068457,NULL,NULL,NULL,0),(1221,'433127197411241213','OE43szSeXws9orNa6ooYsQ==','糜云华',1219,'http://47.94.98.20:8085/source/attach/headPic/head_defalut.png',1,1530516068785,NULL,NULL,NULL,0),(1222,'43312719710819141X','OE43szSeXws9orNa6ooYsQ==','田万斌',1220,'http://47.94.98.20:8085/source/attach/headPic/head_defalut.png',1,1530516069127,NULL,NULL,NULL,0),(1223,'433127197708131410','OE43szSeXws9orNa6ooYsQ==','顾仁顺',1221,'http://47.94.98.20:8085/source/attach/headPic/head_defalut.png',1,1530516069455,NULL,NULL,NULL,0),(1224,'43312519891105271X','OE43szSeXws9orNa6ooYsQ==','王耀坤',1222,'http://47.94.98.20:8085/source/attach/headPic/head_defalut.png',1,1530516069797,NULL,NULL,NULL,0),(1225,'433125198904095113','OE43szSeXws9orNa6ooYsQ==','彭凡',1223,'http://47.94.98.20:8085/source/attach/headPic/head_defalut.png',1,1530516070130,NULL,NULL,NULL,0),(1226,'433125195812245117','OE43szSeXws9orNa6ooYsQ==','彭自文',1224,'http://47.94.98.20:8085/source/attach/headPic/head_defalut.png',1,1530516070470,NULL,NULL,NULL,0),(1227,'433125196304112734','OE43szSeXws9orNa6ooYsQ==','王显文',1225,'http://47.94.98.20:8085/source/attach/headPic/head_defalut.png',1,1530516070801,NULL,NULL,NULL,0),(1228,'433125198610192735','OE43szSeXws9orNa6ooYsQ==','王明环',1226,'http://47.94.98.20:8085/source/attach/headPic/head_defalut.png',1,1530516071150,NULL,NULL,NULL,0),(1229,'433125196412170018','OE43szSeXws9orNa6ooYsQ==','向静',1227,'http://47.94.98.20:8085/source/attach/headPic/head_defalut.png',1,1530516071483,NULL,NULL,NULL,0),(1230,'433125195810202711','OE43szSeXws9orNa6ooYsQ==','张世柱',1228,'http://47.94.98.20:8085/source/attach/headPic/head_defalut.png',1,1530516071824,NULL,NULL,NULL,0),(1231,'433125198609294718','OE43szSeXws9orNa6ooYsQ==','全选齐',1229,'http://47.94.98.20:8085/source/attach/headPic/head_defalut.png',1,1530516072152,NULL,NULL,NULL,0),(1232,'43313019581010491X','OE43szSeXws9orNa6ooYsQ==','龚宏付',1230,'http://47.94.98.20:8085/source/attach/headPic/head_defalut.png',1,1530516072494,NULL,NULL,NULL,0),(1233,'433127197304151239','OE43szSeXws9orNa6ooYsQ==','喻天贵',1231,'http://47.94.98.20:8085/source/attach/headPic/head_defalut.png',1,1530516072819,NULL,NULL,NULL,0),(1234,'433130196910164914','OE43szSeXws9orNa6ooYsQ==','向太林',1232,'http://47.94.98.20:8085/source/attach/headPic/head_defalut.png',1,1530516073160,NULL,NULL,NULL,0),(1235,'433130196012194919','OE43szSeXws9orNa6ooYsQ==','向光林',1233,'http://47.94.98.20:8085/source/attach/headPic/head_defalut.png',1,1530516073486,NULL,NULL,NULL,0),(1236,'433127196808092231','OE43szSeXws9orNa6ooYsQ==','谢纪忠',1234,'http://47.94.98.20:8085/source/attach/headPic/head_defalut.png',1,1530516073824,NULL,NULL,NULL,0),(1237,'433130196205014910','OE43szSeXws9orNa6ooYsQ==','彭书云',1235,'http://47.94.98.20:8085/source/attach/headPic/head_defalut.png',1,1530516074150,NULL,NULL,NULL,0),(1238,'433130198810194912','OE43szSeXws9orNa6ooYsQ==','向兴成',1236,'http://47.94.98.20:8085/source/attach/headPic/head_defalut.png',1,1530516074491,NULL,NULL,NULL,0),(1239,'433130195304290414','OE43szSeXws9orNa6ooYsQ==','兰仲炎',1237,'http://47.94.98.20:8085/source/attach/headPic/head_defalut.png',1,1530516074818,NULL,NULL,NULL,0),(1240,'422825196412050839','OE43szSeXws9orNa6ooYsQ==','兰家栋',1238,'http://47.94.98.20:8085/source/attach/headPic/head_defalut.png',1,1530516075161,NULL,NULL,NULL,0),(1241,'433130195511178513','OE43szSeXws9orNa6ooYsQ==','向理付',1239,'http://47.94.98.20:8085/source/attach/headPic/head_defalut.png',1,1530516075490,NULL,NULL,NULL,0),(1242,'433130196412172313','OE43szSeXws9orNa6ooYsQ==','吴成光',1240,'http://47.94.98.20:8085/source/attach/headPic/head_defalut.png',1,1530516075830,NULL,NULL,NULL,0),(1243,'433127196810141215','OE43szSeXws9orNa6ooYsQ==','喻天赐',1241,'http://47.94.98.20:8085/source/attach/headPic/head_defalut.png',1,1530516076158,NULL,NULL,NULL,0),(1244,'433127196603151218','OE43szSeXws9orNa6ooYsQ==','罗世福',1242,'http://47.94.98.20:8085/source/attach/headPic/head_defalut.png',1,1530516076501,NULL,NULL,NULL,0),(1245,'433127195611012010','OE43szSeXws9orNa6ooYsQ==','候中贵',1243,'http://47.94.98.20:8085/source/attach/headPic/head_defalut.png',1,1530516076831,NULL,NULL,NULL,0),(1246,'433127196803252013','OE43szSeXws9orNa6ooYsQ==','田宏富',1244,'http://47.94.98.20:8085/source/attach/headPic/head_defalut.png',1,1530516077170,NULL,NULL,NULL,0),(1247,'433127195711202014','OE43szSeXws9orNa6ooYsQ==','田志周',1245,'http://47.94.98.20:8085/source/attach/headPic/head_defalut.png',1,1530516077500,NULL,NULL,NULL,0),(1248,'433127197111151216','OE43szSeXws9orNa6ooYsQ==','喻天福',1246,'http://47.94.98.20:8085/source/attach/headPic/head_defalut.png',1,1530516077842,NULL,NULL,NULL,0),(1249,'433127196608131419','OE43szSeXws9orNa6ooYsQ==','顾德强',1247,'http://47.94.98.20:8085/source/attach/headPic/head_defalut.png',1,1530516078170,NULL,NULL,NULL,0),(1250,'433127197411231437','OE43szSeXws9orNa6ooYsQ==','罗世万',1248,'http://47.94.98.20:8085/source/attach/headPic/head_defalut.png',1,1530516078511,NULL,NULL,NULL,0),(1251,'433127195708201416','OE43szSeXws9orNa6ooYsQ==','顾仁达',1249,'http://47.94.98.20:8085/source/attach/headPic/head_defalut.png',1,1530516078840,NULL,NULL,NULL,0),(1252,'433127196811051414','OE43szSeXws9orNa6ooYsQ==','粟正平',1250,'http://47.94.98.20:8085/source/attach/headPic/head_defalut.png',1,1530516079181,NULL,NULL,NULL,0),(1253,'43312719700725141X','OE43szSeXws9orNa6ooYsQ==','顾远良',1251,'http://47.94.98.20:8085/source/attach/headPic/head_defalut.png',1,1530516079512,NULL,NULL,NULL,0),(1254,'433127196511231413','OE43szSeXws9orNa6ooYsQ==','杨世忠',1252,'http://47.94.98.20:8085/source/attach/headPic/head_defalut.png',1,1530516079862,NULL,NULL,NULL,0),(1255,'433127198409261412','OE43szSeXws9orNa6ooYsQ==','顾先来',1253,'http://47.94.98.20:8085/source/attach/headPic/head_defalut.png',1,1530516080197,NULL,NULL,NULL,0),(1256,'433130198012200935','OE43szSeXws9orNa6ooYsQ==','肖际尧',1254,'http://47.94.98.20:8085/source/attach/headPic/head_defalut.png',1,1530516080539,NULL,NULL,NULL,0),(1257,'43313019800510091x','OE43szSeXws9orNa6ooYsQ==','肖运龙',1255,'http://47.94.98.20:8085/source/attach/headPic/head_defalut.png',1,1530516080867,NULL,NULL,NULL,0),(1258,'43313019591026091x','OE43szSeXws9orNa6ooYsQ==','肖运南',1256,'http://47.94.98.20:8085/source/attach/headPic/head_defalut.png',1,1530516081209,NULL,NULL,NULL,0),(1259,'433130198010210734','OE43szSeXws9orNa6ooYsQ==','唐洪勇',1257,'http://47.94.98.20:8085/source/attach/headPic/head_defalut.png',1,1530516081538,NULL,NULL,NULL,0),(1260,'433130197504190935','OE43szSeXws9orNa6ooYsQ==','向天来',1258,'http://47.94.98.20:8085/source/attach/headPic/head_defalut.png',1,1530516081883,NULL,NULL,NULL,0),(1261,'43313019911023093x','OE43szSeXws9orNa6ooYsQ==','姚旭',1259,'http://47.94.98.20:8085/source/attach/headPic/head_defalut.png',1,1530516082211,NULL,NULL,NULL,0),(1262,'433130197411220015','OE43szSeXws9orNa6ooYsQ==','张军',1260,'http://47.94.98.20:8085/source/attach/headPic/head_defalut.png',1,1530516082553,NULL,NULL,NULL,0),(1263,'433130198304199518','OE43szSeXws9orNa6ooYsQ==','张小进',1261,'http://47.94.98.20:8085/source/attach/headPic/head_defalut.png',1,1530516082881,NULL,NULL,NULL,0),(1264,'433130199606104910','OE43szSeXws9orNa6ooYsQ==','彭飞南',1262,'http://47.94.98.20:8085/source/attach/headPic/head_defalut.png',1,1530516083223,NULL,NULL,NULL,0),(1265,'433130199811124910','OE43szSeXws9orNa6ooYsQ==','彭东南',1263,'http://47.94.98.20:8085/source/attach/headPic/head_defalut.png',1,1530516083552,NULL,NULL,NULL,0),(1266,'433130198912184416','OE43szSeXws9orNa6ooYsQ==','周亮远',1264,'http://47.94.98.20:8085/source/attach/headPic/head_defalut.png',1,1530516083894,NULL,NULL,NULL,0),(1267,'433130199108034913','OE43szSeXws9orNa6ooYsQ==','张贤明',1265,'http://47.94.98.20:8085/source/attach/headPic/head_defalut.png',1,1530516084223,NULL,NULL,NULL,0),(1268,'433130199210104412','OE43szSeXws9orNa6ooYsQ==','王佑明',1266,'http://47.94.98.20:8085/source/attach/headPic/head_defalut.png',1,1530516084570,NULL,NULL,NULL,0),(1269,'433101197601106537','OE43szSeXws9orNa6ooYsQ==','石自彪',1267,'http://47.94.98.20:8085/source/attach/headPic/head_defalut.png',1,1530516084897,NULL,NULL,NULL,0),(1270,'433126198811015539','OE43szSeXws9orNa6ooYsQ==','龙自顺',1268,'http://47.94.98.20:8085/source/attach/headPic/head_defalut.png',1,1530516085240,NULL,NULL,NULL,0),(1271,'433101196712214018','OE43szSeXws9orNa6ooYsQ==','杨珍忠',1269,'http://47.94.98.20:8085/source/attach/headPic/head_defalut.png',1,1530516085569,NULL,NULL,NULL,0),(1272,'433101197110054015','OE43szSeXws9orNa6ooYsQ==','施正华',1270,'http://47.94.98.20:8085/source/attach/headPic/head_defalut.png',1,1530516085910,NULL,NULL,NULL,0),(1273,'433101197708244075','OE43szSeXws9orNa6ooYsQ==','姚元武',1271,'http://47.94.98.20:8085/source/attach/headPic/head_defalut.png',1,1530516086238,NULL,NULL,NULL,0),(1274,'433123199403198415','OE43szSeXws9orNa6ooYsQ==','龙红雨',1272,'http://47.94.98.20:8085/source/attach/headPic/head_defalut.png',1,1530516086582,NULL,NULL,NULL,0),(1275,'433126197504242016','OE43szSeXws9orNa6ooYsQ==','郭中华',1273,'http://47.94.98.20:8085/source/attach/headPic/head_defalut.png',1,1530516086910,NULL,NULL,NULL,0),(1276,'433126196311132019','OE43szSeXws9orNa6ooYsQ==','郭中俊',1274,'http://47.94.98.20:8085/source/attach/headPic/head_defalut.png',1,1530516087255,NULL,NULL,NULL,0),(1277,'433126196710152519','OE43szSeXws9orNa6ooYsQ==','黄绍龙',1275,'http://47.94.98.20:8085/source/attach/headPic/head_defalut.png',1,1530516087594,NULL,NULL,NULL,0),(1278,'433126196708100015','OE43szSeXws9orNa6ooYsQ==','林峰',1276,'http://47.94.98.20:8085/source/attach/headPic/head_defalut.png',1,1530516087944,NULL,NULL,NULL,0),(1279,'433126196708180035','OE43szSeXws9orNa6ooYsQ==','向明',1277,'http://47.94.98.20:8085/source/attach/headPic/head_defalut.png',1,1530516088272,NULL,NULL,NULL,0),(1280,'433126198404140033','OE43szSeXws9orNa6ooYsQ==','陈安',1278,'http://47.94.98.20:8085/source/attach/headPic/head_defalut.png',1,1530516088615,NULL,NULL,NULL,0),(1281,'433126196308296514','OE43szSeXws9orNa6ooYsQ==','刘清辉',1279,'http://47.94.98.20:8085/source/attach/headPic/head_defalut.png',1,1530516088944,NULL,NULL,NULL,0),(1282,'433126199007210514','OE43szSeXws9orNa6ooYsQ==','田开春',1280,'http://47.94.98.20:8085/source/attach/headPic/head_defalut.png',1,1530516089286,NULL,NULL,NULL,0),(1283,'433126198810010517','OE43szSeXws9orNa6ooYsQ==','田莉理',1281,'http://47.94.98.20:8085/source/attach/headPic/head_defalut.png',1,1530516089620,NULL,NULL,NULL,0),(1284,'433126197810240510','OE43szSeXws9orNa6ooYsQ==','彭晓锋',1282,'http://47.94.98.20:8085/source/attach/headPic/head_defalut.png',1,1530516089962,NULL,NULL,NULL,0),(1285,'433126198410240516','OE43szSeXws9orNa6ooYsQ==','彭图文',1283,'http://47.94.98.20:8085/source/attach/headPic/head_defalut.png',1,1530516090290,NULL,NULL,NULL,0),(1286,'433126198802210519','OE43szSeXws9orNa6ooYsQ==','彭继山',1284,'http://47.94.98.20:8085/source/attach/headPic/head_defalut.png',1,1530516090635,NULL,NULL,NULL,0),(1287,'433126195010140512','OE43szSeXws9orNa6ooYsQ==','田锋',1285,'http://47.94.98.20:8085/source/attach/headPic/head_defalut.png',1,1530516090962,NULL,NULL,NULL,0),(1288,'433126197402250525','OE43szSeXws9orNa6ooYsQ==','彭云翠',1286,'http://47.94.98.20:8085/source/attach/headPic/head_defalut.png',1,1530516091304,NULL,NULL,NULL,0),(1289,'433126197102070530','OE43szSeXws9orNa6ooYsQ==','李德忠',1287,'http://47.94.98.20:8085/source/attach/headPic/head_defalut.png',1,1530516091633,NULL,NULL,NULL,0),(1290,'43312619610506051x','OE43szSeXws9orNa6ooYsQ==','李德贵',1288,'http://47.94.98.20:8085/source/attach/headPic/head_defalut.png',1,1530516091979,NULL,NULL,NULL,0),(1291,'433127197608261218','OE43szSeXws9orNa6ooYsQ==','罗飞圣',1289,'http://47.94.98.20:8085/source/attach/headPic/head_defalut.png',1,1530516092307,NULL,NULL,NULL,0),(1292,'433127198208132016','OE43szSeXws9orNa6ooYsQ==','潘仁海',1290,'http://47.94.98.20:8085/source/attach/headPic/head_defalut.png',1,1530516092650,NULL,NULL,NULL,0),(1293,'433127197712241217','OE43szSeXws9orNa6ooYsQ==','罗之青',1291,'http://47.94.98.20:8085/source/attach/headPic/head_defalut.png',1,1530516092978,NULL,NULL,NULL,0),(1294,'433127197303032035','OE43szSeXws9orNa6ooYsQ==','潘仁忠',1292,'http://47.94.98.20:8085/source/attach/headPic/head_defalut.png',1,1530516093323,NULL,NULL,NULL,0),(1295,'433101196707026530','OE43szSeXws9orNa6ooYsQ==','梁贵其',1293,'http://47.94.98.20:8085/source/attach/headPic/head_defalut.png',1,1530516093653,NULL,NULL,NULL,0),(1296,'433101197507096539','OE43szSeXws9orNa6ooYsQ==','梁爱民',1294,'http://47.94.98.20:8085/source/attach/headPic/head_defalut.png',1,1530516093997,NULL,NULL,NULL,0),(1297,'433101197910106530','OE43szSeXws9orNa6ooYsQ==','梁顺新',1295,'http://47.94.98.20:8085/source/attach/headPic/head_defalut.png',1,1530516094328,NULL,NULL,NULL,0),(1298,'433101198106256516','OE43szSeXws9orNa6ooYsQ==','张绍兵',1296,'http://47.94.98.20:8085/source/attach/headPic/head_defalut.png',1,1530516094669,NULL,NULL,NULL,0),(1299,'433101198008195510','OE43szSeXws9orNa6ooYsQ==','张少友',1297,'http://47.94.98.20:8085/source/attach/headPic/head_defalut.png',1,1530516094998,NULL,NULL,NULL,0),(1300,'433126198106080511','OE43szSeXws9orNa6ooYsQ==','彭善琴',1298,'http://47.94.98.20:8085/source/attach/headPic/head_defalut.png',1,1530516098214,NULL,NULL,NULL,0),(1301,'433126197012291022','OE43szSeXws9orNa6ooYsQ==','杨绪会',1299,'http://47.94.98.20:8085/source/attach/headPic/head_defalut.png',1,1530516098546,NULL,NULL,NULL,0),(1302,'433126197103161012','OE43szSeXws9orNa6ooYsQ==','向功德',1300,'http://47.94.98.20:8085/source/attach/headPic/head_defalut.png',1,1530516098911,NULL,NULL,NULL,0),(1303,'433101197405208018','OE43szSeXws9orNa6ooYsQ==','龙军',1301,'http://47.94.98.20:8085/source/attach/headPic/head_defalut.png',1,1530516099247,NULL,NULL,NULL,0),(1304,'433126197801301019','OE43szSeXws9orNa6ooYsQ==','向云',1302,'http://47.94.98.20:8085/source/attach/headPic/head_defalut.png',1,1530516099610,NULL,NULL,NULL,0),(1305,'433101197208240019','OE43szSeXws9orNa6ooYsQ==','邹鑫',1303,'http://47.94.98.20:8085/source/attach/headPic/head_defalut.png',1,1530516099951,NULL,NULL,NULL,0),(1306,'433123199505303618','OE43szSeXws9orNa6ooYsQ==','滕静',1304,'http://47.94.98.20:8085/source/attach/headPic/head_defalut.png',1,1530516100325,NULL,NULL,NULL,0),(1307,'433122196205024051','OE43szSeXws9orNa6ooYsQ==','符民书',1305,'http://47.94.98.20:8085/source/attach/headPic/head_defalut.png',1,1530516100666,NULL,NULL,NULL,0),(1308,'433122197406186537','OE43szSeXws9orNa6ooYsQ==','罗建军',1306,'http://47.94.98.20:8085/source/attach/headPic/head_defalut.png',1,1530516101037,NULL,NULL,NULL,0),(1309,'433122196502144017','OE43szSeXws9orNa6ooYsQ==','李景泉',1307,'http://47.94.98.20:8085/source/attach/headPic/head_defalut.png',1,1530516101377,NULL,NULL,NULL,0),(1310,'433122197406084039','OE43szSeXws9orNa6ooYsQ==','李宁鹏',1308,'http://47.94.98.20:8085/source/attach/headPic/head_defalut.png',1,1530516101730,NULL,NULL,NULL,0),(1311,'433122198208294013','OE43szSeXws9orNa6ooYsQ==','李先明',1309,'http://47.94.98.20:8085/source/attach/headPic/head_defalut.png',1,1530516102078,NULL,NULL,NULL,0),(1312,'433122198505254018','OE43szSeXws9orNa6ooYsQ==','罗其华',1310,'http://47.94.98.20:8085/source/attach/headPic/head_defalut.png',1,1530516102432,NULL,NULL,NULL,0),(1313,'433101198007072519','OE43szSeXws9orNa6ooYsQ==','秧华忠',1311,'http://47.94.98.20:8085/source/attach/headPic/head_defalut.png',1,1530516102776,NULL,NULL,NULL,0),(1314,'433122198907164015','OE43szSeXws9orNa6ooYsQ==','李景军',1312,'http://47.94.98.20:8085/source/attach/headPic/head_defalut.png',1,1530516103142,NULL,NULL,NULL,0),(1315,'430624198202275919','OE43szSeXws9orNa6ooYsQ==','陈志敏',1313,'http://47.94.98.20:8085/source/attach/headPic/head_defalut.png',1,1530516103485,NULL,NULL,NULL,0),(1316,'430903199004223615','OE43szSeXws9orNa6ooYsQ==','陈正华',1314,'http://47.94.98.20:8085/source/attach/headPic/head_defalut.png',1,1530516103834,NULL,NULL,NULL,0),(1317,'433124196302274514','OE43szSeXws9orNa6ooYsQ==','彭明山',1315,'http://47.94.98.20:8085/source/attach/headPic/head_defalut.png',1,1530516104288,NULL,NULL,NULL,0),(1318,'43312419721226451X','OE43szSeXws9orNa6ooYsQ==','彭志远',1316,'http://47.94.98.20:8085/source/attach/headPic/head_defalut.png',1,1530516104653,NULL,NULL,NULL,0),(1319,'433124197104245821','OE43szSeXws9orNa6ooYsQ==','石桃英',1317,'http://47.94.98.20:8085/source/attach/headPic/head_defalut.png',1,1530516105045,NULL,NULL,NULL,0),(1320,'433124198801184512','OE43szSeXws9orNa6ooYsQ==','王发龙',1318,'http://47.94.98.20:8085/source/attach/headPic/head_defalut.png',1,1530516105448,NULL,NULL,NULL,0),(1321,'433101199007126518','OE43szSeXws9orNa6ooYsQ==','梁成',1319,'http://47.94.98.20:8085/source/attach/headPic/head_defalut.png',1,1530516105782,NULL,NULL,NULL,0),(1322,'433101197306066536','OE43szSeXws9orNa6ooYsQ==','梁旭东',1320,'http://47.94.98.20:8085/source/attach/headPic/head_defalut.png',1,1530516106142,NULL,NULL,NULL,0),(1323,'433101199208106513','OE43szSeXws9orNa6ooYsQ==','陈开雨',1321,'http://47.94.98.20:8085/source/attach/headPic/head_defalut.png',1,1530516106486,NULL,NULL,NULL,0),(1324,'433101197109205015','OE43szSeXws9orNa6ooYsQ==','张明海',1322,'http://47.94.98.20:8085/source/attach/headPic/head_defalut.png',1,1530516106841,NULL,NULL,NULL,0),(1325,'433101198504106513','OE43szSeXws9orNa6ooYsQ==','陈志忠',1323,'http://47.94.98.20:8085/source/attach/headPic/head_defalut.png',1,1530516107188,NULL,NULL,NULL,0),(1326,'433101198804176513','OE43szSeXws9orNa6ooYsQ==','梁海军',1324,'http://47.94.98.20:8085/source/attach/headPic/head_defalut.png',1,1530516107530,NULL,NULL,NULL,0),(1327,'433124197308030515','OE43szSeXws9orNa6ooYsQ==','隆师傅',1325,'http://47.94.98.20:8085/source/attach/headPic/head_defalut.png',1,1530516107861,NULL,NULL,NULL,0),(1328,'433101198607192039','OE43szSeXws9orNa6ooYsQ==','张顺华',1326,'http://47.94.98.20:8085/source/attach/headPic/head_defalut.png',1,1530516108205,NULL,NULL,NULL,0),(1329,'433125199209187934','OE43szSeXws9orNa6ooYsQ==','施顺爱',1327,'http://47.94.98.20:8085/source/attach/headPic/head_defalut.png',1,1530516108538,NULL,NULL,NULL,0),(1330,'433101198512282031','OE43szSeXws9orNa6ooYsQ==','杨在平',1328,'http://47.94.98.20:8085/source/attach/headPic/head_defalut.png',1,1530516108888,NULL,NULL,NULL,0),(1331,'433101199110022039','OE43szSeXws9orNa6ooYsQ==','石建军',1329,'http://47.94.98.20:8085/source/attach/headPic/head_defalut.png',1,1530516109215,NULL,NULL,NULL,0),(1332,'43060219840608557X','OE43szSeXws9orNa6ooYsQ==','王艳军',1330,'http://47.94.98.20:8085/source/attach/headPic/head_defalut.png',1,1530516109566,NULL,NULL,NULL,0),(1333,'433125198409212714','OE43szSeXws9orNa6ooYsQ==','贾海',1331,'http://47.94.98.20:8085/source/attach/headPic/head_defalut.png',1,1530516109898,NULL,NULL,NULL,0),(1334,'433124196506196319','OE43szSeXws9orNa6ooYsQ==','龙胜民',1332,'http://47.94.98.20:8085/source/attach/headPic/head_defalut.png',1,1530516110243,NULL,NULL,NULL,0),(1335,'433125197905170010','OE43szSeXws9orNa6ooYsQ==','左文涛',1333,'http://47.94.98.20:8085/source/attach/headPic/head_defalut.png',1,1530516110572,NULL,NULL,NULL,0),(1336,'433124199504205836','OE43szSeXws9orNa6ooYsQ==','吴春华',1334,'http://47.94.98.20:8085/source/attach/headPic/head_defalut.png',1,1530516110912,NULL,NULL,NULL,0),(1337,'433124196710105816','OE43szSeXws9orNa6ooYsQ==','吴绍兵',1335,'http://47.94.98.20:8085/source/attach/headPic/head_defalut.png',1,1530516111239,NULL,NULL,NULL,0),(1338,'433124197109105414','OE43szSeXws9orNa6ooYsQ==','吴安荣',1336,'http://47.94.98.20:8085/source/attach/headPic/head_defalut.png',1,1530516111578,NULL,NULL,NULL,0),(1339,'433124197512263017','OE43szSeXws9orNa6ooYsQ==','石邦文',1337,'http://47.94.98.20:8085/source/attach/headPic/head_defalut.png',1,1530516111906,NULL,NULL,NULL,0),(1340,'433124196304283019','OE43szSeXws9orNa6ooYsQ==','吴绍成',1338,'http://47.94.98.20:8085/source/attach/headPic/head_defalut.png',1,1530516112249,NULL,NULL,NULL,0),(1341,'433124197601063615','OE43szSeXws9orNa6ooYsQ==','龙明辉',1339,'http://47.94.98.20:8085/source/attach/headPic/head_defalut.png',1,1530516112575,NULL,NULL,NULL,0),(1342,'433124198205155416','OE43szSeXws9orNa6ooYsQ==','杨生',1340,'http://47.94.98.20:8085/source/attach/headPic/head_defalut.png',1,1530516112917,NULL,NULL,NULL,0),(1343,'433124199112136333','OE43szSeXws9orNa6ooYsQ==','龙胜江',1341,'http://47.94.98.20:8085/source/attach/headPic/head_defalut.png',1,1530516113262,NULL,NULL,NULL,0),(1344,'433124198412115417','OE43szSeXws9orNa6ooYsQ==','杨胜长',1342,'http://47.94.98.20:8085/source/attach/headPic/head_defalut.png',1,1530516113612,NULL,NULL,NULL,0),(1345,'433124196705175414','OE43szSeXws9orNa6ooYsQ==','杨胜贤',1343,'http://47.94.98.20:8085/source/attach/headPic/head_defalut.png',1,1530516113938,NULL,NULL,NULL,0),(1346,'433124196801195415','OE43szSeXws9orNa6ooYsQ==','麻玉平',1344,'http://47.94.98.20:8085/source/attach/headPic/head_defalut.png',1,1530516114281,NULL,NULL,NULL,0),(1347,'433124196604013010','OE43szSeXws9orNa6ooYsQ==','黄文芳',1345,'http://47.94.98.20:8085/source/attach/headPic/head_defalut.png',1,1530516114611,NULL,NULL,NULL,0),(1348,'43312419671217361X','OE43szSeXws9orNa6ooYsQ==','黄延文',1346,'http://47.94.98.20:8085/source/attach/headPic/head_defalut.png',1,1530516114955,NULL,NULL,NULL,0),(1349,'433125196401121317','OE43szSeXws9orNa6ooYsQ==','贾光生',1347,'http://47.94.98.20:8085/source/attach/headPic/head_defalut.png',1,1530516115281,NULL,NULL,NULL,0),(1350,'433125197506169135','OE43szSeXws9orNa6ooYsQ==','向陆清',1348,'http://47.94.98.20:8085/source/attach/headPic/head_defalut.png',1,1530516115619,NULL,NULL,NULL,0),(1351,'43310119800601603X','OE43szSeXws9orNa6ooYsQ==','吴万顺',1349,'http://47.94.98.20:8085/source/attach/headPic/head_defalut.png',1,1530516115954,NULL,NULL,NULL,0),(1352,'433125196611210019','OE43szSeXws9orNa6ooYsQ==','田官俊',1350,'http://47.94.98.20:8085/source/attach/headPic/head_defalut.png',1,1530516116301,NULL,NULL,NULL,0),(1353,'433124197910185413','OE43szSeXws9orNa6ooYsQ==','石明金',1351,'http://47.94.98.20:8085/source/attach/headPic/head_defalut.png',1,1530516116643,NULL,NULL,NULL,0),(1354,'433124197510045411','OE43szSeXws9orNa6ooYsQ==','田茂江',1352,'http://47.94.98.20:8085/source/attach/headPic/head_defalut.png',1,1530516116986,NULL,NULL,NULL,0),(1355,'433101197508140634','OE43szSeXws9orNa6ooYsQ==','吴志芳',1353,'http://47.94.98.20:8085/source/attach/headPic/head_defalut.png',1,1530516117313,NULL,NULL,NULL,0),(1356,'433125197905248316','OE43szSeXws9orNa6ooYsQ==','龙显勇',1354,'http://47.94.98.20:8085/source/attach/headPic/head_defalut.png',1,1530516117661,NULL,NULL,NULL,0),(1357,'433127196402094616','OE43szSeXws9orNa6ooYsQ==','杨金海',1355,'http://47.94.98.20:8085/source/attach/headPic/head_defalut.png',1,1530516118012,NULL,NULL,NULL,0),(1358,'43312719670608461X','OE43szSeXws9orNa6ooYsQ==','刘建文',1356,'http://47.94.98.20:8085/source/attach/headPic/head_defalut.png',1,1530516118453,NULL,NULL,NULL,0),(1359,'433127197704214614','OE43szSeXws9orNa6ooYsQ==','杨波',1357,'http://47.94.98.20:8085/source/attach/headPic/head_defalut.png',1,1530516118817,NULL,NULL,NULL,0),(1360,'433127197002154610','OE43szSeXws9orNa6ooYsQ==','潘启忠',1358,'http://47.94.98.20:8085/source/attach/headPic/head_defalut.png',1,1530516119157,NULL,NULL,NULL,0),(1361,'433127196407154219','OE43szSeXws9orNa6ooYsQ==','汪德兴',1359,'http://47.94.98.20:8085/source/attach/headPic/head_defalut.png',1,1530516119485,NULL,NULL,NULL,0),(1362,'433127199112244210','OE43szSeXws9orNa6ooYsQ==','李坤',1360,'http://47.94.98.20:8085/source/attach/headPic/head_defalut.png',1,1530516119824,NULL,NULL,NULL,0),(1363,'433127196003034616','OE43szSeXws9orNa6ooYsQ==','金业兴',1361,'http://47.94.98.20:8085/source/attach/headPic/head_defalut.png',1,1530516120149,NULL,NULL,NULL,0),(1364,'433127197601154615','OE43szSeXws9orNa6ooYsQ==','曹安明',1362,'http://47.94.98.20:8085/source/attach/headPic/head_defalut.png',1,1530516120490,NULL,NULL,NULL,0),(1365,'433122195505086014','OE43szSeXws9orNa6ooYsQ==','陈民爱',1363,'http://47.94.98.20:8085/source/attach/headPic/head_defalut.png',1,1530516120817,NULL,NULL,NULL,0),(1366,'43310119771209257X','OE43szSeXws9orNa6ooYsQ==','陈世生',1364,'http://47.94.98.20:8085/source/attach/headPic/head_defalut.png',1,1530516121167,NULL,NULL,NULL,0),(1367,'43312519920121511X','OE43szSeXws9orNa6ooYsQ==','向兴平',1365,'http://47.94.98.20:8085/source/attach/headPic/head_defalut.png',1,1530516121903,NULL,NULL,NULL,0),(1368,'43312519801106351X','OE43szSeXws9orNa6ooYsQ==','王德强',1366,'http://47.94.98.20:8085/source/attach/headPic/head_defalut.png',1,1530516122258,NULL,NULL,NULL,0),(1369,'43312519921025273X','OE43szSeXws9orNa6ooYsQ==','张鹏',1367,'http://47.94.98.20:8085/source/attach/headPic/head_defalut.png',1,1530516122612,NULL,NULL,NULL,0),(1370,'433125199201112719','OE43szSeXws9orNa6ooYsQ==','张磊',1368,'http://47.94.98.20:8085/source/attach/headPic/head_defalut.png',1,1530516123282,NULL,NULL,NULL,0),(1371,'433125198605162718','OE43szSeXws9orNa6ooYsQ==','张世彪',1369,'http://47.94.98.20:8085/source/attach/headPic/head_defalut.png',1,1530516123657,NULL,NULL,NULL,0),(1372,'433125197210192715','OE43szSeXws9orNa6ooYsQ==','张太堂',1370,'http://47.94.98.20:8085/source/attach/headPic/head_defalut.png',1,1530516124075,NULL,NULL,NULL,0),(1373,'433125198212268757','OE43szSeXws9orNa6ooYsQ==','张雄',1371,'http://47.94.98.20:8085/source/attach/headPic/head_defalut.png',1,1530516124577,NULL,NULL,NULL,0),(1374,'433125199001302710','OE43szSeXws9orNa6ooYsQ==','向家勇',1372,'http://47.94.98.20:8085/source/attach/headPic/head_defalut.png',1,1530516125008,NULL,NULL,NULL,0),(1375,'433125198411052713','OE43szSeXws9orNa6ooYsQ==','张世力',1373,'http://47.94.98.20:8085/source/attach/headPic/head_defalut.png',1,1530516125411,NULL,NULL,NULL,0),(1376,'43312519870803273X','OE43szSeXws9orNa6ooYsQ==','张继军',1374,'http://47.94.98.20:8085/source/attach/headPic/head_defalut.png',1,1530516126519,NULL,NULL,NULL,0),(1377,'433125196510065510','OE43szSeXws9orNa6ooYsQ==','熊长先',1375,'http://47.94.98.20:8085/source/attach/headPic/head_defalut.png',1,1530516126961,NULL,NULL,NULL,0),(1378,'43312519931103271X','OE43szSeXws9orNa6ooYsQ==','王凯',1376,'http://47.94.98.20:8085/source/attach/headPic/head_defalut.png',1,1530516127814,NULL,NULL,NULL,0),(1379,'43312419881001091X','OE43szSeXws9orNa6ooYsQ==','吴金旺',1377,'http://47.94.98.20:8085/source/attach/headPic/head_defalut.png',1,1530516128147,NULL,NULL,NULL,0),(1380,'433125199009172770','OE43szSeXws9orNa6ooYsQ==','王明坤',1378,'http://47.94.98.20:8085/source/attach/headPic/head_defalut.png',1,1530516128488,NULL,NULL,NULL,0),(1381,'433101195708028058','OE43szSeXws9orNa6ooYsQ==','陈明禄',1379,'http://47.94.98.20:8085/source/attach/headPic/head_defalut.png',1,1530516129125,NULL,NULL,NULL,0),(1382,'433125199302092710','OE43szSeXws9orNa6ooYsQ==','李精',1380,'http://47.94.98.20:8085/source/attach/headPic/head_defalut.png',1,1530516129466,NULL,NULL,NULL,0),(1383,'433124198107175835','OE43szSeXws9orNa6ooYsQ==','杨液',1381,'http://47.94.98.20:8085/source/attach/headPic/head_defalut.png',1,1530516129795,NULL,NULL,NULL,0),(1384,'433101196603050536','OE43szSeXws9orNa6ooYsQ==','龙金林',1382,'http://47.94.98.20:8085/source/attach/headPic/head_defalut.png',1,1530516130139,NULL,NULL,NULL,0),(1385,'43310119910108051X','OE43szSeXws9orNa6ooYsQ==','龙玉平',1383,'http://47.94.98.20:8085/source/attach/headPic/head_defalut.png',1,1530516130467,NULL,NULL,NULL,0),(1386,'433127199201161417','OE43szSeXws9orNa6ooYsQ==','顾世奇',1384,'http://47.94.98.20:8085/source/attach/headPic/head_defalut.png',1,1530516131203,NULL,NULL,NULL,0),(1387,'433127196310220013','OE43szSeXws9orNa6ooYsQ==','马达',1385,'http://47.94.98.20:8085/source/attach/headPic/head_defalut.png',1,1530516131726,NULL,NULL,NULL,0),(1388,'433127197104154013','OE43szSeXws9orNa6ooYsQ==','向汝武',1386,'http://47.94.98.20:8085/source/attach/headPic/head_defalut.png',1,1530516132858,NULL,NULL,NULL,0),(1389,'433124197102076315','OE43szSeXws9orNa6ooYsQ==','孙桂海',1387,'http://47.94.98.20:8085/source/attach/headPic/head_defalut.png',1,1530516133184,NULL,NULL,NULL,0),(1390,'433127197906231017','OE43szSeXws9orNa6ooYsQ==','刘春辉',1388,'http://47.94.98.20:8085/source/attach/headPic/head_defalut.png',1,1530516133524,NULL,NULL,NULL,0),(1391,'433127197205260018','OE43szSeXws9orNa6ooYsQ==','田军',1389,'http://47.94.98.20:8085/source/attach/headPic/head_defalut.png',1,1530516133852,NULL,NULL,NULL,0),(1392,'43312419671008631X','OE43szSeXws9orNa6ooYsQ==','孙成念',1390,'http://47.94.98.20:8085/source/attach/headPic/head_defalut.png',1,1530516134596,NULL,NULL,NULL,0),(1393,'433124197604156331','OE43szSeXws9orNa6ooYsQ==','孙冬力',1391,'http://47.94.98.20:8085/source/attach/headPic/head_defalut.png',1,1530516134933,NULL,NULL,NULL,0),(1394,'433124197208101814','OE43szSeXws9orNa6ooYsQ==','吴家泽',1392,'http://47.94.98.20:8085/source/attach/headPic/head_defalut.png',1,1530516135289,NULL,NULL,NULL,0),(1395,'433127198312160412','OE43szSeXws9orNa6ooYsQ==','向波',1393,'http://47.94.98.20:8085/source/attach/headPic/head_defalut.png',1,1530516135620,NULL,NULL,NULL,0),(1396,'433127196611111013','OE43szSeXws9orNa6ooYsQ==','王志胜',1394,'http://47.94.98.20:8085/source/attach/headPic/head_defalut.png',1,1530516135961,NULL,NULL,NULL,0),(1397,'433127195610191010','OE43szSeXws9orNa6ooYsQ==','胡尺立',1395,'http://47.94.98.20:8085/source/attach/headPic/head_defalut.png',1,1530516136286,NULL,NULL,NULL,0),(1398,'433127196603142418','OE43szSeXws9orNa6ooYsQ==','李爱国',1396,'http://47.94.98.20:8085/source/attach/headPic/head_defalut.png',1,1530516136623,NULL,NULL,NULL,0),(1399,'433127195812201010','OE43szSeXws9orNa6ooYsQ==','谭玉明',1397,'http://47.94.98.20:8085/source/attach/headPic/head_defalut.png',1,1530516136950,NULL,NULL,NULL,0),(1400,'433127199408131012','OE43szSeXws9orNa6ooYsQ==','姚茂森',1398,'http://47.94.98.20:8085/source/attach/headPic/head_defalut.png',1,1530516137291,NULL,NULL,NULL,0),(1401,'433127196308271014','OE43szSeXws9orNa6ooYsQ==','谭振',1399,'http://47.94.98.20:8085/source/attach/headPic/head_defalut.png',1,1530516137618,NULL,NULL,NULL,0),(1402,'433127196304061036','OE43szSeXws9orNa6ooYsQ==','翟长云',1400,'http://47.94.98.20:8085/source/attach/headPic/head_defalut.png',1,1530516137960,NULL,NULL,NULL,0),(1403,'433101197607050538','OE43szSeXws9orNa6ooYsQ==','向绪芳',1401,'http://47.94.98.20:8085/source/attach/headPic/head_defalut.png',1,1530516138287,NULL,NULL,NULL,0),(1404,'433127198903231219','OE43szSeXws9orNa6ooYsQ==','喻浩',1402,'http://47.94.98.20:8085/source/attach/headPic/head_defalut.png',1,1530516138626,NULL,NULL,NULL,0),(1405,'43312719621029201X','OE43szSeXws9orNa6ooYsQ==','谢昌江',1403,'http://47.94.98.20:8085/source/attach/headPic/head_defalut.png',1,1530516138951,NULL,NULL,NULL,0),(1406,'433127196508282236','OE43szSeXws9orNa6ooYsQ==','郑家旺',1404,'http://47.94.98.20:8085/source/attach/headPic/head_defalut.png',1,1530516139290,NULL,NULL,NULL,0),(1407,'433126199510260519','OE43szSeXws9orNa6ooYsQ==','罗勇',1405,'http://47.94.98.20:8085/source/attach/headPic/head_defalut.png',1,1530516139614,NULL,NULL,NULL,0),(1408,'433127196311222010','OE43szSeXws9orNa6ooYsQ==','候中胜',1406,'http://47.94.98.20:8085/source/attach/headPic/head_defalut.png',1,1530516139966,NULL,NULL,NULL,0),(1409,'433127198610181238','OE43szSeXws9orNa6ooYsQ==','喻天军',1407,'http://47.94.98.20:8085/source/attach/headPic/head_defalut.png',1,1530516140294,NULL,NULL,NULL,0),(1410,'433127196910121211','OE43szSeXws9orNa6ooYsQ==','罗世高',1408,'http://47.94.98.20:8085/source/attach/headPic/head_defalut.png',1,1530516140637,NULL,NULL,NULL,0),(1411,'433127197509282013','OE43szSeXws9orNa6ooYsQ==','全慧',1409,'http://47.94.98.20:8085/source/attach/headPic/head_defalut.png',1,1530516140966,NULL,NULL,NULL,0),(1412,'43312419641230901X','OE43szSeXws9orNa6ooYsQ==','麻二戈',1410,'http://47.94.98.20:8085/source/attach/headPic/head_defalut.png',1,1530516141312,NULL,NULL,NULL,0),(1413,'43312419730515503X','OE43szSeXws9orNa6ooYsQ==','石国杨',1411,'http://47.94.98.20:8085/source/attach/headPic/head_defalut.png',1,1530516141638,NULL,NULL,NULL,0),(1414,'433124194710279016','OE43szSeXws9orNa6ooYsQ==','施文义',1412,'http://47.94.98.20:8085/source/attach/headPic/head_defalut.png',1,1530516141978,NULL,NULL,NULL,0),(1415,'433124197012159037','OE43szSeXws9orNa6ooYsQ==','龙占东',1413,'http://47.94.98.20:8085/source/attach/headPic/head_defalut.png',1,1530516142306,NULL,NULL,NULL,0),(1416,'43312419550112901X','OE43szSeXws9orNa6ooYsQ==','龙邵文',1414,'http://47.94.98.20:8085/source/attach/headPic/head_defalut.png',1,1530516142648,NULL,NULL,NULL,0),(1417,'43312419610215901X','OE43szSeXws9orNa6ooYsQ==','龙天富',1415,'http://47.94.98.20:8085/source/attach/headPic/head_defalut.png',1,1530516142978,NULL,NULL,NULL,0),(1418,'433124197109099018','OE43szSeXws9orNa6ooYsQ==','龙兴国',1416,'http://47.94.98.20:8085/source/attach/headPic/head_defalut.png',1,1530516143318,NULL,NULL,NULL,0),(1419,'433124198702049032','OE43szSeXws9orNa6ooYsQ==','麻利龙',1417,'http://47.94.98.20:8085/source/attach/headPic/head_defalut.png',1,1530516143641,NULL,NULL,NULL,0),(1420,'433124197003075050','OE43szSeXws9orNa6ooYsQ==','石国渊',1418,'http://47.94.98.20:8085/source/attach/headPic/head_defalut.png',1,1530516143981,NULL,NULL,NULL,0),(1421,'433124197307129011','OE43szSeXws9orNa6ooYsQ==','麻树成',1419,'http://47.94.98.20:8085/source/attach/headPic/head_defalut.png',1,1530516144307,NULL,NULL,NULL,0),(1422,'433124196810245031','OE43szSeXws9orNa6ooYsQ==','石林永',1420,'http://47.94.98.20:8085/source/attach/headPic/head_defalut.png',1,1530516144648,NULL,NULL,NULL,0),(1423,'433124196808185033','OE43szSeXws9orNa6ooYsQ==','石献志',1421,'http://47.94.98.20:8085/source/attach/headPic/head_defalut.png',1,1530516144971,NULL,NULL,NULL,0),(1424,'433124197101275013','OE43szSeXws9orNa6ooYsQ==','石成寿',1422,'http://47.94.98.20:8085/source/attach/headPic/head_defalut.png',1,1530516145311,NULL,NULL,NULL,0),(1425,'433126196304031033','OE43szSeXws9orNa6ooYsQ==','向阳',1423,'http://47.94.98.20:8085/source/attach/headPic/head_defalut.png',1,1530516145635,NULL,NULL,NULL,0),(1426,'433126196709221011','OE43szSeXws9orNa6ooYsQ==','向楚勇',1424,'http://47.94.98.20:8085/source/attach/headPic/head_defalut.png',1,1530516145974,NULL,NULL,NULL,0),(1427,'433126197809170519','OE43szSeXws9orNa6ooYsQ==','向代进',1425,'http://47.94.98.20:8085/source/attach/headPic/head_defalut.png',1,1530516146301,NULL,NULL,NULL,0),(1428,'433126198111131010','OE43szSeXws9orNa6ooYsQ==','向德银',1426,'http://47.94.98.20:8085/source/attach/headPic/head_defalut.png',1,1530516146844,NULL,NULL,NULL,0),(1429,'433126197310061014','OE43szSeXws9orNa6ooYsQ==','彭朝富',1427,'http://47.94.98.20:8085/source/attach/headPic/head_defalut.png',1,1530516147169,NULL,NULL,NULL,0);

/*Table structure for table `v_user` */

DROP TABLE IF EXISTS `v_user`;

/*!50001 DROP VIEW IF EXISTS `v_user` */;
/*!50001 DROP TABLE IF EXISTS `v_user` */;

/*!50001 CREATE TABLE  `v_user`(
 `id` int(11) ,
 `username` varchar(100) ,
 `password` varchar(100) ,
 `ref_id` int(11) ,
 `photo_url` varchar(1000) ,
 `name` varchar(50) ,
 `type` int(10) ,
 `role_name` varchar(100) ,
 `role_permission` varchar(100) ,
 `gender` varchar(5) ,
 `contact` varchar(50) ,
 `identity_num` varchar(50) ,
 `insurance_purchases` varchar(255) ,
 `salary_details` varchar(255) ,
 `address` varchar(100) ,
 `status` int(5) ,
 `item_id` int(10) ,
 `item_name` varchar(100) ,
 `professional_unit` varchar(100) ,
 `black_flag` int(5) ,
 `create_user_name` varchar(100) ,
 `create_by` int(10) ,
 `create_date` bigint(20) 
)*/;

/*View structure for view v_user */

/*!50001 DROP TABLE IF EXISTS `v_user` */;
/*!50001 DROP VIEW IF EXISTS `v_user` */;

/*!50001 CREATE ALGORITHM=UNDEFINED DEFINER=`root`@`%` SQL SECURITY DEFINER VIEW `v_user` AS (select `s`.`id` AS `id`,`s`.`username` AS `username`,`s`.`password` AS `password`,`s`.`ref_id` AS `ref_id`,`s`.`photo_url` AS `photo_url`,`o`.`name` AS `name`,`o`.`type` AS `type`,`o`.`role_name` AS `role_name`,`o`.`role_permission` AS `role_permission`,`o`.`gender` AS `gender`,`o`.`contact` AS `contact`,`o`.`identity_num` AS `identity_num`,`o`.`insurance_purchases` AS `insurance_purchases`,`o`.`salary_details` AS `salary_details`,`o`.`address` AS `address`,`o`.`status` AS `status`,`o`.`item_id` AS `item_id`,`o`.`company` AS `item_name`,`o`.`professional_unit` AS `professional_unit`,`o`.`black_flag` AS `black_flag`,`ss`.`name` AS `create_user_name`,`o`.`create_by` AS `create_by`,`o`.`create_date` AS `create_date` from ((`sys_user` `s` left join `oa_person` `o` on((`s`.`ref_id` = `o`.`id`))) left join `sys_user` `ss` on((`o`.`create_by` = `ss`.`id`)))) */;

/*!40101 SET SQL_MODE=@OLD_SQL_MODE */;
/*!40014 SET FOREIGN_KEY_CHECKS=@OLD_FOREIGN_KEY_CHECKS */;
/*!40014 SET UNIQUE_CHECKS=@OLD_UNIQUE_CHECKS */;
/*!40111 SET SQL_NOTES=@OLD_SQL_NOTES */;
